camera,frame_index,snapshot_id,score_frac_gt40,cam_median,threshold,is_object,filename
underA1,1,raw_1783480173576_15,0.23909,0.05326,0.06817,1,18_stitch__under-xlj-all__underA1.jpg
underA1,2,raw_1783480305078_18,0.25138,0.05326,0.06817,1,18_stitch__under-xlj-all__underA1.jpg
underA1,3,raw_1783480368695_21,0.19368,0.05326,0.06817,1,18_stitch__under-xlj-all__underA1.jpg
underA1,4,raw_1783480430847_24,0.17688,0.05326,0.06817,1,18_stitch__under-xlj-all__underA1.jpg
underA1,5,raw_1783480529399_26,0.17366,0.05326,0.06817,1,18_stitch__under-xlj-all__underA1.jpg
underA1,6,raw_1783480577806_28,0.2108,0.05326,0.06817,1,18_stitch__under-xlj-all__underA1.jpg
underA1,7,raw_1783480629800_30,0.21226,0.05326,0.06817,1,18_stitch__under-xlj-all__underA1.jpg
underA1,8,raw_1783480673086_32,0.19955,0.05326,0.06817,1,18_stitch__under-xlj-all__underA1.jpg
underA1,9,raw_1783480714059_34,0.17987,0.05326,0.06817,1,18_stitch__under-xlj-all__underA1.jpg
underA1,10,raw_1783480754536_36,0.14656,0.05326,0.06817,1,18_stitch__under-xlj-all__underA1.jpg
underA1,11,raw_1783480790320_38,0.16408,0.05326,0.06817,1,18_stitch__under-xlj-all__underA1.jpg
underA1,12,raw_1783480829340_40,0.12376,0.05326,0.06817,1,18_stitch__under-xlj-all__underA1.jpg
underA1,13,raw_1783480861735_42,0.13132,0.05326,0.06817,1,18_stitch__under-xlj-all__underA1.jpg
underA1,14,raw_1783480899622_44,0.10655,0.05326,0.06817,1,18_stitch__under-xlj-all__underA1.jpg
underA1,15,raw_1783480949356_46,0.07339,0.05326,0.06817,1,18_stitch__under-xlj-all__underA1.jpg
underA1,16,raw_1783480984407_49,0.06553,0.05326,0.06817,0,18_stitch__under-xlj-all__underA1.jpg
underA1,17,raw_1783481016591_53,0.05173,0.05326,0.06817,0,18_stitch__under-xlj-all__underA1.jpg
underA1,18,raw_1783481051643_56,0.04465,0.05326,0.06817,0,18_stitch__under-xlj-all__underA1.jpg
underA1,19,raw_1783481082142_61,0.04428,0.05326,0.06817,0,18_stitch__under-xlj-all__underA1.jpg
underA1,20,raw_1783481118478_65,0.09729,0.05326,0.06817,1,18_stitch__under-xlj-all__underA1.jpg
underA1,21,raw_1783481148210_70,0.05096,0.05326,0.06817,0,18_stitch__under-xlj-all__underA1.jpg
underA1,22,raw_1783481175178_74,0.05321,0.05326,0.06817,0,18_stitch__under-xlj-all__underA1.jpg
underA1,23,raw_1783481213966_79,0.05793,0.05326,0.06817,0,18_stitch__under-xlj-all__underA1.jpg
underA1,24,raw_1783481245428_84,0.04611,0.05326,0.06817,0,18_stitch__under-xlj-all__underA1.jpg
underA1,25,raw_1783481275385_89,0.06125,0.05326,0.06817,0,18_stitch__under-xlj-all__underA1.jpg
underA1,26,raw_1783481309470_93,0.05331,0.05326,0.06817,0,18_stitch__under-xlj-all__underA1.jpg
underA1,27,raw_1783481340033_98,0.06876,0.05326,0.06817,1,18_stitch__under-xlj-all__underA1.jpg
underA1,28,raw_1783481364097_102,0.05672,0.05326,0.06817,0,18_stitch__under-xlj-all__underA1.jpg
underA1,29,raw_1783481395255_106,0.04072,0.05326,0.06817,0,18_stitch__under-xlj-all__underA1.jpg
underA1,30,raw_1783481423599_110,0.03239,0.05326,0.06817,0,18_stitch__under-xlj-all__underA1.jpg
underA1,31,raw_1783481461782_114,0.03734,0.05326,0.06817,0,18_stitch__under-xlj-all__underA1.jpg
underA1,32,raw_1783481494815_118,0.05924,0.05326,0.06817,0,18_stitch__under-xlj-all__underA1.jpg
underA1,33,raw_1783481526381_123,0.0509,0.05326,0.06817,0,18_stitch__under-xlj-all__underA1.jpg
underA1,34,raw_1783481559073_128,0.04007,0.05326,0.06817,0,18_stitch__under-xlj-all__underA1.jpg
underA1,35,raw_1783481588485_132,0.03916,0.05326,0.06817,0,18_stitch__under-xlj-all__underA1.jpg
underA1,36,raw_1783481613268_137,0.04348,0.05326,0.06817,0,18_stitch__under-xlj-all__underA1.jpg
underA1,37,raw_1783481645023_142,0.04227,0.05326,0.06817,0,18_stitch__under-xlj-all__underA1.jpg
underA1,38,raw_1783481673293_147,0.04491,0.05326,0.06817,0,18_stitch__under-xlj-all__underA1.jpg
underA1,39,raw_1783481702895_152,0.04487,0.05326,0.06817,0,18_stitch__under-xlj-all__underA1.jpg
underA1,40,raw_1783481733321_157,0.04409,0.05326,0.06817,0,18_stitch__under-xlj-all__underA1.jpg
underA1,41,raw_1783481933195_165,0.04107,0.05326,0.06817,0,18_stitch__under-xlj-all__underA1.jpg
underA1,42,raw_1783481967321_170,0.05372,0.05326,0.06817,0,18_stitch__under-xlj-all__underA1.jpg
underA1,43,raw_1783482001405_174,0.04437,0.05326,0.06817,0,18_stitch__under-xlj-all__underA1.jpg
underA1,44,raw_1783482030217_178,0.0603,0.05326,0.06817,0,18_stitch__under-xlj-all__underA1.jpg
underA1,45,raw_1783482108424_186,0.04155,0.05326,0.06817,0,18_stitch__under-xlj-all__underA1.jpg
underA1,46,raw_1783482176407_192,0.03986,0.05326,0.06817,0,18_stitch__under-xlj-all__underA1.jpg
underA1,47,raw_1783482208380_197,0.04147,0.05326,0.06817,0,18_stitch__under-xlj-all__underA1.jpg
underA1,48,raw_1783482241881_202,0.04619,0.05326,0.06817,0,18_stitch__under-xlj-all__underA1.jpg
underA1,49,raw_1783482270614_207,0.04688,0.05326,0.06817,0,18_stitch__under-xlj-all__underA1.jpg
underA1,50,raw_1783482318751_222,0.04105,0.05326,0.06817,0,18_stitch__under-xlj-all__underA1.jpg
underA2,1,raw_1783480173576_15,0.20857,0.05666,0.07252,1,17_stitch__under-xlj-all__underA2.jpg
underA2,2,raw_1783480305078_18,0.2197,0.05666,0.07252,1,17_stitch__under-xlj-all__underA2.jpg
underA2,3,raw_1783480368695_21,0.18546,0.05666,0.07252,1,17_stitch__under-xlj-all__underA2.jpg
underA2,4,raw_1783480430847_24,0.16503,0.05666,0.07252,1,17_stitch__under-xlj-all__underA2.jpg
underA2,5,raw_1783480529399_26,0.17154,0.05666,0.07252,1,17_stitch__under-xlj-all__underA2.jpg
underA2,6,raw_1783480577806_28,0.18929,0.05666,0.07252,1,17_stitch__under-xlj-all__underA2.jpg
underA2,7,raw_1783480629800_30,0.18538,0.05666,0.07252,1,17_stitch__under-xlj-all__underA2.jpg
underA2,8,raw_1783480673086_32,0.20701,0.05666,0.07252,1,17_stitch__under-xlj-all__underA2.jpg
underA2,9,raw_1783480714059_34,0.19901,0.05666,0.07252,1,17_stitch__under-xlj-all__underA2.jpg
underA2,10,raw_1783480754536_36,0.17817,0.05666,0.07252,1,17_stitch__under-xlj-all__underA2.jpg
underA2,11,raw_1783480790320_38,0.16996,0.05666,0.07252,1,17_stitch__under-xlj-all__underA2.jpg
underA2,12,raw_1783480829340_40,0.11955,0.05666,0.07252,1,17_stitch__under-xlj-all__underA2.jpg
underA2,13,raw_1783480861735_42,0.12942,0.05666,0.07252,1,17_stitch__under-xlj-all__underA2.jpg
underA2,14,raw_1783480899622_44,0.10361,0.05666,0.07252,1,17_stitch__under-xlj-all__underA2.jpg
underA2,15,raw_1783480949356_46,0.08714,0.05666,0.07252,1,17_stitch__under-xlj-all__underA2.jpg
underA2,16,raw_1783480984407_49,0.06248,0.05666,0.07252,0,17_stitch__under-xlj-all__underA2.jpg
underA2,17,raw_1783481016591_53,0.05596,0.05666,0.07252,0,17_stitch__under-xlj-all__underA2.jpg
underA2,18,raw_1783481051643_56,0.05174,0.05666,0.07252,0,17_stitch__under-xlj-all__underA2.jpg
underA2,19,raw_1783481082142_61,0.04799,0.05666,0.07252,0,17_stitch__under-xlj-all__underA2.jpg
underA2,20,raw_1783481118478_65,0.08895,0.05666,0.07252,1,17_stitch__under-xlj-all__underA2.jpg
underA2,21,raw_1783481148210_70,0.05857,0.05666,0.07252,0,17_stitch__under-xlj-all__underA2.jpg
underA2,22,raw_1783481175178_74,0.05573,0.05666,0.07252,0,17_stitch__under-xlj-all__underA2.jpg
underA2,23,raw_1783481213966_79,0.06164,0.05666,0.07252,0,17_stitch__under-xlj-all__underA2.jpg
underA2,24,raw_1783481245428_84,0.05247,0.05666,0.07252,0,17_stitch__under-xlj-all__underA2.jpg
underA2,25,raw_1783481275385_89,0.05809,0.05666,0.07252,0,17_stitch__under-xlj-all__underA2.jpg
underA2,26,raw_1783481309470_93,0.05538,0.05666,0.07252,0,17_stitch__under-xlj-all__underA2.jpg
underA2,27,raw_1783481340033_98,0.06431,0.05666,0.07252,0,17_stitch__under-xlj-all__underA2.jpg
underA2,28,raw_1783481364097_102,0.05397,0.05666,0.07252,0,17_stitch__under-xlj-all__underA2.jpg
underA2,29,raw_1783481395255_106,0.04529,0.05666,0.07252,0,17_stitch__under-xlj-all__underA2.jpg
underA2,30,raw_1783481423599_110,0.04041,0.05666,0.07252,0,17_stitch__under-xlj-all__underA2.jpg
underA2,31,raw_1783481461782_114,0.04368,0.05666,0.07252,0,17_stitch__under-xlj-all__underA2.jpg
underA2,32,raw_1783481494815_118,0.05599,0.05666,0.07252,0,17_stitch__under-xlj-all__underA2.jpg
underA2,33,raw_1783481526381_123,0.05079,0.05666,0.07252,0,17_stitch__under-xlj-all__underA2.jpg
underA2,34,raw_1783481559073_128,0.04465,0.05666,0.07252,0,17_stitch__under-xlj-all__underA2.jpg
underA2,35,raw_1783481588485_132,0.04393,0.05666,0.07252,0,17_stitch__under-xlj-all__underA2.jpg
underA2,36,raw_1783481613268_137,0.04749,0.05666,0.07252,0,17_stitch__under-xlj-all__underA2.jpg
underA2,37,raw_1783481645023_142,0.04923,0.05666,0.07252,0,17_stitch__under-xlj-all__underA2.jpg
underA2,38,raw_1783481673293_147,0.0523,0.05666,0.07252,0,17_stitch__under-xlj-all__underA2.jpg
underA2,39,raw_1783481702895_152,0.05076,0.05666,0.07252,0,17_stitch__under-xlj-all__underA2.jpg
underA2,40,raw_1783481733321_157,0.04972,0.05666,0.07252,0,17_stitch__under-xlj-all__underA2.jpg
underA2,41,raw_1783481933195_165,0.04781,0.05666,0.07252,0,17_stitch__under-xlj-all__underA2.jpg
underA2,42,raw_1783481967321_170,0.05732,0.05666,0.07252,0,17_stitch__under-xlj-all__underA2.jpg
underA2,43,raw_1783482001405_174,0.05063,0.05666,0.07252,0,17_stitch__under-xlj-all__underA2.jpg
underA2,44,raw_1783482030217_178,0.06207,0.05666,0.07252,0,17_stitch__under-xlj-all__underA2.jpg
underA2,45,raw_1783482108424_186,0.05112,0.05666,0.07252,0,17_stitch__under-xlj-all__underA2.jpg
underA2,46,raw_1783482176407_192,0.05099,0.05666,0.07252,0,17_stitch__under-xlj-all__underA2.jpg
underA2,47,raw_1783482208380_197,0.05223,0.05666,0.07252,0,17_stitch__under-xlj-all__underA2.jpg
underA2,48,raw_1783482241881_202,0.05916,0.05666,0.07252,0,17_stitch__under-xlj-all__underA2.jpg
underA2,49,raw_1783482270614_207,0.05911,0.05666,0.07252,0,17_stitch__under-xlj-all__underA2.jpg
underA2,50,raw_1783482318751_222,0.05497,0.05666,0.07252,0,17_stitch__under-xlj-all__underA2.jpg
underA3,1,raw_1783480173576_15,0.13106,0.07848,0.10045,1,16_stitch__under-xlj-all__underA3.jpg
underA3,2,raw_1783480305078_18,0.15833,0.07848,0.10045,1,16_stitch__under-xlj-all__underA3.jpg
underA3,3,raw_1783480368695_21,0.08566,0.07848,0.10045,0,16_stitch__under-xlj-all__underA3.jpg
underA3,4,raw_1783480430847_24,0.075,0.07848,0.10045,0,16_stitch__under-xlj-all__underA3.jpg
underA3,5,raw_1783480529399_26,0.10774,0.07848,0.10045,1,16_stitch__under-xlj-all__underA3.jpg
underA3,6,raw_1783480577806_28,0.15179,0.07848,0.10045,1,16_stitch__under-xlj-all__underA3.jpg
underA3,7,raw_1783480629800_30,0.16203,0.07848,0.10045,1,16_stitch__under-xlj-all__underA3.jpg
underA3,8,raw_1783480673086_32,0.21713,0.07848,0.10045,1,16_stitch__under-xlj-all__underA3.jpg
underA3,9,raw_1783480714059_34,0.21654,0.07848,0.10045,1,16_stitch__under-xlj-all__underA3.jpg
underA3,10,raw_1783480754536_36,0.19436,0.07848,0.10045,1,16_stitch__under-xlj-all__underA3.jpg
underA3,11,raw_1783480790320_38,0.21857,0.07848,0.10045,1,16_stitch__under-xlj-all__underA3.jpg
underA3,12,raw_1783480829340_40,0.22173,0.07848,0.10045,1,16_stitch__under-xlj-all__underA3.jpg
underA3,13,raw_1783480861735_42,0.28545,0.07848,0.10045,1,16_stitch__under-xlj-all__underA3.jpg
underA3,14,raw_1783480899622_44,0.22272,0.07848,0.10045,1,16_stitch__under-xlj-all__underA3.jpg
underA3,15,raw_1783480949356_46,0.17668,0.07848,0.10045,1,16_stitch__under-xlj-all__underA3.jpg
underA3,16,raw_1783480984407_49,0.1681,0.07848,0.10045,1,16_stitch__under-xlj-all__underA3.jpg
underA3,17,raw_1783481016591_53,0.13224,0.07848,0.10045,1,16_stitch__under-xlj-all__underA3.jpg
underA3,18,raw_1783481051643_56,0.08729,0.07848,0.10045,0,16_stitch__under-xlj-all__underA3.jpg
underA3,19,raw_1783481082142_61,0.08023,0.07848,0.10045,0,16_stitch__under-xlj-all__underA3.jpg
underA3,20,raw_1783481118478_65,0.16016,0.07848,0.10045,1,16_stitch__under-xlj-all__underA3.jpg
underA3,21,raw_1783481148210_70,0.12347,0.07848,0.10045,1,16_stitch__under-xlj-all__underA3.jpg
underA3,22,raw_1783481175178_74,0.11644,0.07848,0.10045,1,16_stitch__under-xlj-all__underA3.jpg
underA3,23,raw_1783481213966_79,0.07814,0.07848,0.10045,0,16_stitch__under-xlj-all__underA3.jpg
underA3,24,raw_1783481245428_84,0.07882,0.07848,0.10045,0,16_stitch__under-xlj-all__underA3.jpg
underA3,25,raw_1783481275385_89,0.07169,0.07848,0.10045,0,16_stitch__under-xlj-all__underA3.jpg
underA3,26,raw_1783481309470_93,0.07123,0.07848,0.10045,0,16_stitch__under-xlj-all__underA3.jpg
underA3,27,raw_1783481340033_98,0.0798,0.07848,0.10045,0,16_stitch__under-xlj-all__underA3.jpg
underA3,28,raw_1783481364097_102,0.07355,0.07848,0.10045,0,16_stitch__under-xlj-all__underA3.jpg
underA3,29,raw_1783481395255_106,0.05471,0.07848,0.10045,0,16_stitch__under-xlj-all__underA3.jpg
underA3,30,raw_1783481423599_110,0.04951,0.07848,0.10045,0,16_stitch__under-xlj-all__underA3.jpg
underA3,31,raw_1783481461782_114,0.06178,0.07848,0.10045,0,16_stitch__under-xlj-all__underA3.jpg
underA3,32,raw_1783481494815_118,0.06794,0.07848,0.10045,0,16_stitch__under-xlj-all__underA3.jpg
underA3,33,raw_1783481526381_123,0.05988,0.07848,0.10045,0,16_stitch__under-xlj-all__underA3.jpg
underA3,34,raw_1783481559073_128,0.0534,0.07848,0.10045,0,16_stitch__under-xlj-all__underA3.jpg
underA3,35,raw_1783481588485_132,0.05839,0.07848,0.10045,0,16_stitch__under-xlj-all__underA3.jpg
underA3,36,raw_1783481613268_137,0.06192,0.07848,0.10045,0,16_stitch__under-xlj-all__underA3.jpg
underA3,37,raw_1783481645023_142,0.06082,0.07848,0.10045,0,16_stitch__under-xlj-all__underA3.jpg
underA3,38,raw_1783481673293_147,0.06294,0.07848,0.10045,0,16_stitch__under-xlj-all__underA3.jpg
underA3,39,raw_1783481702895_152,0.0617,0.07848,0.10045,0,16_stitch__under-xlj-all__underA3.jpg
underA3,40,raw_1783481733321_157,0.06157,0.07848,0.10045,0,16_stitch__under-xlj-all__underA3.jpg
underA3,41,raw_1783481933195_165,0.05876,0.07848,0.10045,0,16_stitch__under-xlj-all__underA3.jpg
underA3,42,raw_1783481967321_170,0.06465,0.07848,0.10045,0,16_stitch__under-xlj-all__underA3.jpg
underA3,43,raw_1783482001405_174,0.06565,0.07848,0.10045,0,16_stitch__under-xlj-all__underA3.jpg
underA3,44,raw_1783482030217_178,0.07809,0.07848,0.10045,0,16_stitch__under-xlj-all__underA3.jpg
underA3,45,raw_1783482108424_186,0.06577,0.07848,0.10045,0,16_stitch__under-xlj-all__underA3.jpg
underA3,46,raw_1783482176407_192,0.06585,0.07848,0.10045,0,16_stitch__under-xlj-all__underA3.jpg
underA3,47,raw_1783482208380_197,0.06534,0.07848,0.10045,0,16_stitch__under-xlj-all__underA3.jpg
underA3,48,raw_1783482241881_202,0.08778,0.07848,0.10045,0,16_stitch__under-xlj-all__underA3.jpg
underA3,49,raw_1783482270614_207,0.09231,0.07848,0.10045,0,16_stitch__under-xlj-all__underA3.jpg
underA3,50,raw_1783482318751_222,0.07405,0.07848,0.10045,0,16_stitch__under-xlj-all__underA3.jpg
underA4,1,raw_1783480173576_15,0.11663,0.09108,0.11658,1,15_stitch__under-xlj-all__underA4.jpg
underA4,2,raw_1783480305078_18,0.12694,0.09108,0.11658,1,15_stitch__under-xlj-all__underA4.jpg
underA4,3,raw_1783480368695_21,0.09316,0.09108,0.11658,0,15_stitch__under-xlj-all__underA4.jpg
underA4,4,raw_1783480430847_24,0.08273,0.09108,0.11658,0,15_stitch__under-xlj-all__underA4.jpg
underA4,5,raw_1783480529399_26,0.0807,0.09108,0.11658,0,15_stitch__under-xlj-all__underA4.jpg
underA4,6,raw_1783480577806_28,0.1322,0.09108,0.11658,1,15_stitch__under-xlj-all__underA4.jpg
underA4,7,raw_1783480629800_30,0.12836,0.09108,0.11658,1,15_stitch__under-xlj-all__underA4.jpg
underA4,8,raw_1783480673086_32,0.19302,0.09108,0.11658,1,15_stitch__under-xlj-all__underA4.jpg
underA4,9,raw_1783480714059_34,0.1961,0.09108,0.11658,1,15_stitch__under-xlj-all__underA4.jpg
underA4,10,raw_1783480754536_36,0.16488,0.09108,0.11658,1,15_stitch__under-xlj-all__underA4.jpg
underA4,11,raw_1783480790320_38,0.22928,0.09108,0.11658,1,15_stitch__under-xlj-all__underA4.jpg
underA4,12,raw_1783480829340_40,0.25859,0.09108,0.11658,1,15_stitch__under-xlj-all__underA4.jpg
underA4,13,raw_1783480861735_42,0.30791,0.09108,0.11658,1,15_stitch__under-xlj-all__underA4.jpg
underA4,14,raw_1783480899622_44,0.25709,0.09108,0.11658,1,15_stitch__under-xlj-all__underA4.jpg
underA4,15,raw_1783480949356_46,0.21587,0.09108,0.11658,1,15_stitch__under-xlj-all__underA4.jpg
underA4,16,raw_1783480984407_49,0.20227,0.09108,0.11658,1,15_stitch__under-xlj-all__underA4.jpg
underA4,17,raw_1783481016591_53,0.19163,0.09108,0.11658,1,15_stitch__under-xlj-all__underA4.jpg
underA4,18,raw_1783481051643_56,0.13501,0.09108,0.11658,1,15_stitch__under-xlj-all__underA4.jpg
underA4,19,raw_1783481082142_61,0.11145,0.09108,0.11658,0,15_stitch__under-xlj-all__underA4.jpg
underA4,20,raw_1783481118478_65,0.19553,0.09108,0.11658,1,15_stitch__under-xlj-all__underA4.jpg
underA4,21,raw_1783481148210_70,0.14902,0.09108,0.11658,1,15_stitch__under-xlj-all__underA4.jpg
underA4,22,raw_1783481175178_74,0.13755,0.09108,0.11658,1,15_stitch__under-xlj-all__underA4.jpg
underA4,23,raw_1783481213966_79,0.09581,0.09108,0.11658,0,15_stitch__under-xlj-all__underA4.jpg
underA4,24,raw_1783481245428_84,0.10514,0.09108,0.11658,0,15_stitch__under-xlj-all__underA4.jpg
underA4,25,raw_1783481275385_89,0.08406,0.09108,0.11658,0,15_stitch__under-xlj-all__underA4.jpg
underA4,26,raw_1783481309470_93,0.08716,0.09108,0.11658,0,15_stitch__under-xlj-all__underA4.jpg
underA4,27,raw_1783481340033_98,0.10203,0.09108,0.11658,0,15_stitch__under-xlj-all__underA4.jpg
underA4,28,raw_1783481364097_102,0.08796,0.09108,0.11658,0,15_stitch__under-xlj-all__underA4.jpg
underA4,29,raw_1783481395255_106,0.06599,0.09108,0.11658,0,15_stitch__under-xlj-all__underA4.jpg
underA4,30,raw_1783481423599_110,0.06049,0.09108,0.11658,0,15_stitch__under-xlj-all__underA4.jpg
underA4,31,raw_1783481461782_114,0.07526,0.09108,0.11658,0,15_stitch__under-xlj-all__underA4.jpg
underA4,32,raw_1783481494815_118,0.08034,0.09108,0.11658,0,15_stitch__under-xlj-all__underA4.jpg
underA4,33,raw_1783481526381_123,0.07265,0.09108,0.11658,0,15_stitch__under-xlj-all__underA4.jpg
underA4,34,raw_1783481559073_128,0.06619,0.09108,0.11658,0,15_stitch__under-xlj-all__underA4.jpg
underA4,35,raw_1783481588485_132,0.07082,0.09108,0.11658,0,15_stitch__under-xlj-all__underA4.jpg
underA4,36,raw_1783481613268_137,0.07266,0.09108,0.11658,0,15_stitch__under-xlj-all__underA4.jpg
underA4,37,raw_1783481645023_142,0.07352,0.09108,0.11658,0,15_stitch__under-xlj-all__underA4.jpg
underA4,38,raw_1783481673293_147,0.07097,0.09108,0.11658,0,15_stitch__under-xlj-all__underA4.jpg
underA4,39,raw_1783481702895_152,0.06678,0.09108,0.11658,0,15_stitch__under-xlj-all__underA4.jpg
underA4,40,raw_1783481733321_157,0.07023,0.09108,0.11658,0,15_stitch__under-xlj-all__underA4.jpg
underA4,41,raw_1783481933195_165,0.06957,0.09108,0.11658,0,15_stitch__under-xlj-all__underA4.jpg
underA4,42,raw_1783481967321_170,0.08056,0.09108,0.11658,0,15_stitch__under-xlj-all__underA4.jpg
underA4,43,raw_1783482001405_174,0.07469,0.09108,0.11658,0,15_stitch__under-xlj-all__underA4.jpg
underA4,44,raw_1783482030217_178,0.08899,0.09108,0.11658,0,15_stitch__under-xlj-all__underA4.jpg
underA4,45,raw_1783482108424_186,0.07595,0.09108,0.11658,0,15_stitch__under-xlj-all__underA4.jpg
underA4,46,raw_1783482176407_192,0.07702,0.09108,0.11658,0,15_stitch__under-xlj-all__underA4.jpg
underA4,47,raw_1783482208380_197,0.07759,0.09108,0.11658,0,15_stitch__under-xlj-all__underA4.jpg
underA4,48,raw_1783482241881_202,0.09877,0.09108,0.11658,0,15_stitch__under-xlj-all__underA4.jpg
underA4,49,raw_1783482270614_207,0.10239,0.09108,0.11658,0,15_stitch__under-xlj-all__underA4.jpg
underA4,50,raw_1783482318751_222,0.08832,0.09108,0.11658,0,15_stitch__under-xlj-all__underA4.jpg
underA5,1,raw_1783480173576_15,0.10497,0.09826,0.12578,0,14_stitch__under-xlj-all__underA5.jpg
underA5,2,raw_1783480305078_18,0.09993,0.09826,0.12578,0,14_stitch__under-xlj-all__underA5.jpg
underA5,3,raw_1783480368695_21,0.08359,0.09826,0.12578,0,14_stitch__under-xlj-all__underA5.jpg
underA5,4,raw_1783480430847_24,0.07204,0.09826,0.12578,0,14_stitch__under-xlj-all__underA5.jpg
underA5,5,raw_1783480529399_26,0.07674,0.09826,0.12578,0,14_stitch__under-xlj-all__underA5.jpg
underA5,6,raw_1783480577806_28,0.10401,0.09826,0.12578,0,14_stitch__under-xlj-all__underA5.jpg
underA5,7,raw_1783480629800_30,0.089,0.09826,0.12578,0,14_stitch__under-xlj-all__underA5.jpg
underA5,8,raw_1783480673086_32,0.11677,0.09826,0.12578,0,14_stitch__under-xlj-all__underA5.jpg
underA5,9,raw_1783480714059_34,0.12848,0.09826,0.12578,1,14_stitch__under-xlj-all__underA5.jpg
underA5,10,raw_1783480754536_36,0.12599,0.09826,0.12578,1,14_stitch__under-xlj-all__underA5.jpg
underA5,11,raw_1783480790320_38,0.17547,0.09826,0.12578,1,14_stitch__under-xlj-all__underA5.jpg
underA5,12,raw_1783480829340_40,0.24678,0.09826,0.12578,1,14_stitch__under-xlj-all__underA5.jpg
underA5,13,raw_1783480861735_42,0.266,0.09826,0.12578,1,14_stitch__under-xlj-all__underA5.jpg
underA5,14,raw_1783480899622_44,0.25528,0.09826,0.12578,1,14_stitch__under-xlj-all__underA5.jpg
underA5,15,raw_1783480949356_46,0.22211,0.09826,0.12578,1,14_stitch__under-xlj-all__underA5.jpg
underA5,16,raw_1783480984407_49,0.22753,0.09826,0.12578,1,14_stitch__under-xlj-all__underA5.jpg
underA5,17,raw_1783481016591_53,0.21289,0.09826,0.12578,1,14_stitch__under-xlj-all__underA5.jpg
underA5,18,raw_1783481051643_56,0.22895,0.09826,0.12578,1,14_stitch__under-xlj-all__underA5.jpg
underA5,19,raw_1783481082142_61,0.21581,0.09826,0.12578,1,14_stitch__under-xlj-all__underA5.jpg
underA5,20,raw_1783481118478_65,0.23459,0.09826,0.12578,1,14_stitch__under-xlj-all__underA5.jpg
underA5,21,raw_1783481148210_70,0.18261,0.09826,0.12578,1,14_stitch__under-xlj-all__underA5.jpg
underA5,22,raw_1783481175178_74,0.14901,0.09826,0.12578,1,14_stitch__under-xlj-all__underA5.jpg
underA5,23,raw_1783481213966_79,0.14278,0.09826,0.12578,1,14_stitch__under-xlj-all__underA5.jpg
underA5,24,raw_1783481245428_84,0.14787,0.09826,0.12578,1,14_stitch__under-xlj-all__underA5.jpg
underA5,25,raw_1783481275385_89,0.0966,0.09826,0.12578,0,14_stitch__under-xlj-all__underA5.jpg
underA5,26,raw_1783481309470_93,0.11994,0.09826,0.12578,0,14_stitch__under-xlj-all__underA5.jpg
underA5,27,raw_1783481340033_98,0.11942,0.09826,0.12578,0,14_stitch__under-xlj-all__underA5.jpg
underA5,28,raw_1783481364097_102,0.10241,0.09826,0.12578,0,14_stitch__under-xlj-all__underA5.jpg
underA5,29,raw_1783481395255_106,0.073,0.09826,0.12578,0,14_stitch__under-xlj-all__underA5.jpg
underA5,30,raw_1783481423599_110,0.06592,0.09826,0.12578,0,14_stitch__under-xlj-all__underA5.jpg
underA5,31,raw_1783481461782_114,0.09093,0.09826,0.12578,0,14_stitch__under-xlj-all__underA5.jpg
underA5,32,raw_1783481494815_118,0.09461,0.09826,0.12578,0,14_stitch__under-xlj-all__underA5.jpg
underA5,33,raw_1783481526381_123,0.07869,0.09826,0.12578,0,14_stitch__under-xlj-all__underA5.jpg
underA5,34,raw_1783481559073_128,0.07125,0.09826,0.12578,0,14_stitch__under-xlj-all__underA5.jpg
underA5,35,raw_1783481588485_132,0.07659,0.09826,0.12578,0,14_stitch__under-xlj-all__underA5.jpg
underA5,36,raw_1783481613268_137,0.07444,0.09826,0.12578,0,14_stitch__under-xlj-all__underA5.jpg
underA5,37,raw_1783481645023_142,0.07869,0.09826,0.12578,0,14_stitch__under-xlj-all__underA5.jpg
underA5,38,raw_1783481673293_147,0.06871,0.09826,0.12578,0,14_stitch__under-xlj-all__underA5.jpg
underA5,39,raw_1783481702895_152,0.06801,0.09826,0.12578,0,14_stitch__under-xlj-all__underA5.jpg
underA5,40,raw_1783481733321_157,0.07093,0.09826,0.12578,0,14_stitch__under-xlj-all__underA5.jpg
underA5,41,raw_1783481933195_165,0.06956,0.09826,0.12578,0,14_stitch__under-xlj-all__underA5.jpg
underA5,42,raw_1783481967321_170,0.08312,0.09826,0.12578,0,14_stitch__under-xlj-all__underA5.jpg
underA5,43,raw_1783482001405_174,0.08479,0.09826,0.12578,0,14_stitch__under-xlj-all__underA5.jpg
underA5,44,raw_1783482030217_178,0.09079,0.09826,0.12578,0,14_stitch__under-xlj-all__underA5.jpg
underA5,45,raw_1783482108424_186,0.07693,0.09826,0.12578,0,14_stitch__under-xlj-all__underA5.jpg
underA5,46,raw_1783482176407_192,0.07623,0.09826,0.12578,0,14_stitch__under-xlj-all__underA5.jpg
underA5,47,raw_1783482208380_197,0.07789,0.09826,0.12578,0,14_stitch__under-xlj-all__underA5.jpg
underA5,48,raw_1783482241881_202,0.10033,0.09826,0.12578,0,14_stitch__under-xlj-all__underA5.jpg
underA5,49,raw_1783482270614_207,0.10354,0.09826,0.12578,0,14_stitch__under-xlj-all__underA5.jpg
underA5,50,raw_1783482318751_222,0.08753,0.09826,0.12578,0,14_stitch__under-xlj-all__underA5.jpg
underA6,1,raw_1783480173576_15,0.09405,0.09065,0.11603,0,13_stitch__under-xlj-all__underA6.jpg
underA6,2,raw_1783480305078_18,0.07933,0.09065,0.11603,0,13_stitch__under-xlj-all__underA6.jpg
underA6,3,raw_1783480368695_21,0.06826,0.09065,0.11603,0,13_stitch__under-xlj-all__underA6.jpg
underA6,4,raw_1783480430847_24,0.06604,0.09065,0.11603,0,13_stitch__under-xlj-all__underA6.jpg
underA6,5,raw_1783480529399_26,0.0678,0.09065,0.11603,0,13_stitch__under-xlj-all__underA6.jpg
underA6,6,raw_1783480577806_28,0.09264,0.09065,0.11603,0,13_stitch__under-xlj-all__underA6.jpg
underA6,7,raw_1783480629800_30,0.07948,0.09065,0.11603,0,13_stitch__under-xlj-all__underA6.jpg
underA6,8,raw_1783480673086_32,0.08771,0.09065,0.11603,0,13_stitch__under-xlj-all__underA6.jpg
underA6,9,raw_1783480714059_34,0.08315,0.09065,0.11603,0,13_stitch__under-xlj-all__underA6.jpg
underA6,10,raw_1783480754536_36,0.08273,0.09065,0.11603,0,13_stitch__under-xlj-all__underA6.jpg
underA6,11,raw_1783480790320_38,0.09112,0.09065,0.11603,0,13_stitch__under-xlj-all__underA6.jpg
underA6,12,raw_1783480829340_40,0.16102,0.09065,0.11603,1,13_stitch__under-xlj-all__underA6.jpg
underA6,13,raw_1783480861735_42,0.21729,0.09065,0.11603,1,13_stitch__under-xlj-all__underA6.jpg
underA6,14,raw_1783480899622_44,0.19612,0.09065,0.11603,1,13_stitch__under-xlj-all__underA6.jpg
underA6,15,raw_1783480949356_46,0.16598,0.09065,0.11603,1,13_stitch__under-xlj-all__underA6.jpg
underA6,16,raw_1783480984407_49,0.20114,0.09065,0.11603,1,13_stitch__under-xlj-all__underA6.jpg
underA6,17,raw_1783481016591_53,0.20816,0.09065,0.11603,1,13_stitch__under-xlj-all__underA6.jpg
underA6,18,raw_1783481051643_56,0.23228,0.09065,0.11603,1,13_stitch__under-xlj-all__underA6.jpg
underA6,19,raw_1783481082142_61,0.23743,0.09065,0.11603,1,13_stitch__under-xlj-all__underA6.jpg
underA6,20,raw_1783481118478_65,0.24263,0.09065,0.11603,1,13_stitch__under-xlj-all__underA6.jpg
underA6,21,raw_1783481148210_70,0.22872,0.09065,0.11603,1,13_stitch__under-xlj-all__underA6.jpg
underA6,22,raw_1783481175178_74,0.19921,0.09065,0.11603,1,13_stitch__under-xlj-all__underA6.jpg
underA6,23,raw_1783481213966_79,0.17685,0.09065,0.11603,1,13_stitch__under-xlj-all__underA6.jpg
underA6,24,raw_1783481245428_84,0.17706,0.09065,0.11603,1,13_stitch__under-xlj-all__underA6.jpg
underA6,25,raw_1783481275385_89,0.15253,0.09065,0.11603,1,13_stitch__under-xlj-all__underA6.jpg
underA6,26,raw_1783481309470_93,0.16733,0.09065,0.11603,1,13_stitch__under-xlj-all__underA6.jpg
underA6,27,raw_1783481340033_98,0.16355,0.09065,0.11603,1,13_stitch__under-xlj-all__underA6.jpg
underA6,28,raw_1783481364097_102,0.12227,0.09065,0.11603,1,13_stitch__under-xlj-all__underA6.jpg
underA6,29,raw_1783481395255_106,0.07837,0.09065,0.11603,0,13_stitch__under-xlj-all__underA6.jpg
underA6,30,raw_1783481423599_110,0.07339,0.09065,0.11603,0,13_stitch__under-xlj-all__underA6.jpg
underA6,31,raw_1783481461782_114,0.11125,0.09065,0.11603,0,13_stitch__under-xlj-all__underA6.jpg
underA6,32,raw_1783481494815_118,0.10222,0.09065,0.11603,0,13_stitch__under-xlj-all__underA6.jpg
underA6,33,raw_1783481526381_123,0.08583,0.09065,0.11603,0,13_stitch__under-xlj-all__underA6.jpg
underA6,34,raw_1783481559073_128,0.07472,0.09065,0.11603,0,13_stitch__under-xlj-all__underA6.jpg
underA6,35,raw_1783481588485_132,0.0804,0.09065,0.11603,0,13_stitch__under-xlj-all__underA6.jpg
underA6,36,raw_1783481613268_137,0.07994,0.09065,0.11603,0,13_stitch__under-xlj-all__underA6.jpg
underA6,37,raw_1783481645023_142,0.0769,0.09065,0.11603,0,13_stitch__under-xlj-all__underA6.jpg
underA6,38,raw_1783481673293_147,0.06836,0.09065,0.11603,0,13_stitch__under-xlj-all__underA6.jpg
underA6,39,raw_1783481702895_152,0.06984,0.09065,0.11603,0,13_stitch__under-xlj-all__underA6.jpg
underA6,40,raw_1783481733321_157,0.07312,0.09065,0.11603,0,13_stitch__under-xlj-all__underA6.jpg
underA6,41,raw_1783481933195_165,0.07268,0.09065,0.11603,0,13_stitch__under-xlj-all__underA6.jpg
underA6,42,raw_1783481967321_170,0.0854,0.09065,0.11603,0,13_stitch__under-xlj-all__underA6.jpg
underA6,43,raw_1783482001405_174,0.08873,0.09065,0.11603,0,13_stitch__under-xlj-all__underA6.jpg
underA6,44,raw_1783482030217_178,0.09228,0.09065,0.11603,0,13_stitch__under-xlj-all__underA6.jpg
underA6,45,raw_1783482108424_186,0.07932,0.09065,0.11603,0,13_stitch__under-xlj-all__underA6.jpg
underA6,46,raw_1783482176407_192,0.07845,0.09065,0.11603,0,13_stitch__under-xlj-all__underA6.jpg
underA6,47,raw_1783482208380_197,0.07841,0.09065,0.11603,0,13_stitch__under-xlj-all__underA6.jpg
underA6,48,raw_1783482241881_202,0.10025,0.09065,0.11603,0,13_stitch__under-xlj-all__underA6.jpg
underA6,49,raw_1783482270614_207,0.10295,0.09065,0.11603,0,13_stitch__under-xlj-all__underA6.jpg
underA6,50,raw_1783482318751_222,0.09017,0.09065,0.11603,0,13_stitch__under-xlj-all__underA6.jpg
underA7,1,raw_1783480173576_15,0.08411,0.09327,0.11939,0,12_stitch__under-xlj-all__underA7.jpg
underA7,2,raw_1783480305078_18,0.07244,0.09327,0.11939,0,12_stitch__under-xlj-all__underA7.jpg
underA7,3,raw_1783480368695_21,0.06779,0.09327,0.11939,0,12_stitch__under-xlj-all__underA7.jpg
underA7,4,raw_1783480430847_24,0.06099,0.09327,0.11939,0,12_stitch__under-xlj-all__underA7.jpg
underA7,5,raw_1783480529399_26,0.06515,0.09327,0.11939,0,12_stitch__under-xlj-all__underA7.jpg
underA7,6,raw_1783480577806_28,0.08089,0.09327,0.11939,0,12_stitch__under-xlj-all__underA7.jpg
underA7,7,raw_1783480629800_30,0.07871,0.09327,0.11939,0,12_stitch__under-xlj-all__underA7.jpg
underA7,8,raw_1783480673086_32,0.07559,0.09327,0.11939,0,12_stitch__under-xlj-all__underA7.jpg
underA7,9,raw_1783480714059_34,0.07224,0.09327,0.11939,0,12_stitch__under-xlj-all__underA7.jpg
underA7,10,raw_1783480754536_36,0.07214,0.09327,0.11939,0,12_stitch__under-xlj-all__underA7.jpg
underA7,11,raw_1783480790320_38,0.07721,0.09327,0.11939,0,12_stitch__under-xlj-all__underA7.jpg
underA7,12,raw_1783480829340_40,0.12007,0.09327,0.11939,1,12_stitch__under-xlj-all__underA7.jpg
underA7,13,raw_1783480861735_42,0.15763,0.09327,0.11939,1,12_stitch__under-xlj-all__underA7.jpg
underA7,14,raw_1783480899622_44,0.11464,0.09327,0.11939,0,12_stitch__under-xlj-all__underA7.jpg
underA7,15,raw_1783480949356_46,0.11825,0.09327,0.11939,0,12_stitch__under-xlj-all__underA7.jpg
underA7,16,raw_1783480984407_49,0.12578,0.09327,0.11939,1,12_stitch__under-xlj-all__underA7.jpg
underA7,17,raw_1783481016591_53,0.15832,0.09327,0.11939,1,12_stitch__under-xlj-all__underA7.jpg
underA7,18,raw_1783481051643_56,0.18565,0.09327,0.11939,1,12_stitch__under-xlj-all__underA7.jpg
underA7,19,raw_1783481082142_61,0.22148,0.09327,0.11939,1,12_stitch__under-xlj-all__underA7.jpg
underA7,20,raw_1783481118478_65,0.20396,0.09327,0.11939,1,12_stitch__under-xlj-all__underA7.jpg
underA7,21,raw_1783481148210_70,0.19594,0.09327,0.11939,1,12_stitch__under-xlj-all__underA7.jpg
underA7,22,raw_1783481175178_74,0.20042,0.09327,0.11939,1,12_stitch__under-xlj-all__underA7.jpg
underA7,23,raw_1783481213966_79,0.20375,0.09327,0.11939,1,12_stitch__under-xlj-all__underA7.jpg
underA7,24,raw_1783481245428_84,0.23536,0.09327,0.11939,1,12_stitch__under-xlj-all__underA7.jpg
underA7,25,raw_1783481275385_89,0.19915,0.09327,0.11939,1,12_stitch__under-xlj-all__underA7.jpg
underA7,26,raw_1783481309470_93,0.21728,0.09327,0.11939,1,12_stitch__under-xlj-all__underA7.jpg
underA7,27,raw_1783481340033_98,0.16885,0.09327,0.11939,1,12_stitch__under-xlj-all__underA7.jpg
underA7,28,raw_1783481364097_102,0.1624,0.09327,0.11939,1,12_stitch__under-xlj-all__underA7.jpg
underA7,29,raw_1783481395255_106,0.09434,0.09327,0.11939,0,12_stitch__under-xlj-all__underA7.jpg
underA7,30,raw_1783481423599_110,0.08732,0.09327,0.11939,0,12_stitch__under-xlj-all__underA7.jpg
underA7,31,raw_1783481461782_114,0.1831,0.09327,0.11939,1,12_stitch__under-xlj-all__underA7.jpg
underA7,32,raw_1783481494815_118,0.12601,0.09327,0.11939,1,12_stitch__under-xlj-all__underA7.jpg
underA7,33,raw_1783481526381_123,0.09393,0.09327,0.11939,0,12_stitch__under-xlj-all__underA7.jpg
underA7,34,raw_1783481559073_128,0.07912,0.09327,0.11939,0,12_stitch__under-xlj-all__underA7.jpg
underA7,35,raw_1783481588485_132,0.09098,0.09327,0.11939,0,12_stitch__under-xlj-all__underA7.jpg
underA7,36,raw_1783481613268_137,0.08763,0.09327,0.11939,0,12_stitch__under-xlj-all__underA7.jpg
underA7,37,raw_1783481645023_142,0.08069,0.09327,0.11939,0,12_stitch__under-xlj-all__underA7.jpg
underA7,38,raw_1783481673293_147,0.07309,0.09327,0.11939,0,12_stitch__under-xlj-all__underA7.jpg
underA7,39,raw_1783481702895_152,0.07891,0.09327,0.11939,0,12_stitch__under-xlj-all__underA7.jpg
underA7,40,raw_1783481733321_157,0.07395,0.09327,0.11939,0,12_stitch__under-xlj-all__underA7.jpg
underA7,41,raw_1783481933195_165,0.07728,0.09327,0.11939,0,12_stitch__under-xlj-all__underA7.jpg
underA7,42,raw_1783481967321_170,0.08461,0.09327,0.11939,0,12_stitch__under-xlj-all__underA7.jpg
underA7,43,raw_1783482001405_174,0.09261,0.09327,0.11939,0,12_stitch__under-xlj-all__underA7.jpg
underA7,44,raw_1783482030217_178,0.09534,0.09327,0.11939,0,12_stitch__under-xlj-all__underA7.jpg
underA7,45,raw_1783482108424_186,0.08092,0.09327,0.11939,0,12_stitch__under-xlj-all__underA7.jpg
underA7,46,raw_1783482176407_192,0.08306,0.09327,0.11939,0,12_stitch__under-xlj-all__underA7.jpg
underA7,47,raw_1783482208380_197,0.08572,0.09327,0.11939,0,12_stitch__under-xlj-all__underA7.jpg
underA7,48,raw_1783482241881_202,0.11383,0.09327,0.11939,0,12_stitch__under-xlj-all__underA7.jpg
underA7,49,raw_1783482270614_207,0.11749,0.09327,0.11939,0,12_stitch__under-xlj-all__underA7.jpg
underA7,50,raw_1783482318751_222,0.09703,0.09327,0.11939,0,12_stitch__under-xlj-all__underA7.jpg
underA8,1,raw_1783480173576_15,0.08097,0.09773,0.1251,0,11_stitch__under-xlj-all__underA8.jpg
underA8,2,raw_1783480305078_18,0.0747,0.09773,0.1251,0,11_stitch__under-xlj-all__underA8.jpg
underA8,3,raw_1783480368695_21,0.06013,0.09773,0.1251,0,11_stitch__under-xlj-all__underA8.jpg
underA8,4,raw_1783480430847_24,0.06068,0.09773,0.1251,0,11_stitch__under-xlj-all__underA8.jpg
underA8,5,raw_1783480529399_26,0.06761,0.09773,0.1251,0,11_stitch__under-xlj-all__underA8.jpg
underA8,6,raw_1783480577806_28,0.07359,0.09773,0.1251,0,11_stitch__under-xlj-all__underA8.jpg
underA8,7,raw_1783480629800_30,0.07597,0.09773,0.1251,0,11_stitch__under-xlj-all__underA8.jpg
underA8,8,raw_1783480673086_32,0.07347,0.09773,0.1251,0,11_stitch__under-xlj-all__underA8.jpg
underA8,9,raw_1783480714059_34,0.06365,0.09773,0.1251,0,11_stitch__under-xlj-all__underA8.jpg
underA8,10,raw_1783480754536_36,0.06507,0.09773,0.1251,0,11_stitch__under-xlj-all__underA8.jpg
underA8,11,raw_1783480790320_38,0.06724,0.09773,0.1251,0,11_stitch__under-xlj-all__underA8.jpg
underA8,12,raw_1783480829340_40,0.10593,0.09773,0.1251,0,11_stitch__under-xlj-all__underA8.jpg
underA8,13,raw_1783480861735_42,0.09701,0.09773,0.1251,0,11_stitch__under-xlj-all__underA8.jpg
underA8,14,raw_1783480899622_44,0.10623,0.09773,0.1251,0,11_stitch__under-xlj-all__underA8.jpg
underA8,15,raw_1783480949356_46,0.08914,0.09773,0.1251,0,11_stitch__under-xlj-all__underA8.jpg
underA8,16,raw_1783480984407_49,0.08589,0.09773,0.1251,0,11_stitch__under-xlj-all__underA8.jpg
underA8,17,raw_1783481016591_53,0.09786,0.09773,0.1251,0,11_stitch__under-xlj-all__underA8.jpg
underA8,18,raw_1783481051643_56,0.10881,0.09773,0.1251,0,11_stitch__under-xlj-all__underA8.jpg
underA8,19,raw_1783481082142_61,0.12514,0.09773,0.1251,1,11_stitch__under-xlj-all__underA8.jpg
underA8,20,raw_1783481118478_65,0.17803,0.09773,0.1251,1,11_stitch__under-xlj-all__underA8.jpg
underA8,21,raw_1783481148210_70,0.16343,0.09773,0.1251,1,11_stitch__under-xlj-all__underA8.jpg
underA8,22,raw_1783481175178_74,0.1825,0.09773,0.1251,1,11_stitch__under-xlj-all__underA8.jpg
underA8,23,raw_1783481213966_79,0.21717,0.09773,0.1251,1,11_stitch__under-xlj-all__underA8.jpg
underA8,24,raw_1783481245428_84,0.21676,0.09773,0.1251,1,11_stitch__under-xlj-all__underA8.jpg
underA8,25,raw_1783481275385_89,0.22572,0.09773,0.1251,1,11_stitch__under-xlj-all__underA8.jpg
underA8,26,raw_1783481309470_93,0.24804,0.09773,0.1251,1,11_stitch__under-xlj-all__underA8.jpg
underA8,27,raw_1783481340033_98,0.23284,0.09773,0.1251,1,11_stitch__under-xlj-all__underA8.jpg
underA8,28,raw_1783481364097_102,0.23664,0.09773,0.1251,1,11_stitch__under-xlj-all__underA8.jpg
underA8,29,raw_1783481395255_106,0.1978,0.09773,0.1251,1,11_stitch__under-xlj-all__underA8.jpg
underA8,30,raw_1783481423599_110,0.17629,0.09773,0.1251,1,11_stitch__under-xlj-all__underA8.jpg
underA8,31,raw_1783481461782_114,0.19497,0.09773,0.1251,1,11_stitch__under-xlj-all__underA8.jpg
underA8,32,raw_1783481494815_118,0.1972,0.09773,0.1251,1,11_stitch__under-xlj-all__underA8.jpg
underA8,33,raw_1783481526381_123,0.17087,0.09773,0.1251,1,11_stitch__under-xlj-all__underA8.jpg
underA8,34,raw_1783481559073_128,0.10037,0.09773,0.1251,0,11_stitch__under-xlj-all__underA8.jpg
underA8,35,raw_1783481588485_132,0.11008,0.09773,0.1251,0,11_stitch__under-xlj-all__underA8.jpg
underA8,36,raw_1783481613268_137,0.09754,0.09773,0.1251,0,11_stitch__under-xlj-all__underA8.jpg
underA8,37,raw_1783481645023_142,0.08729,0.09773,0.1251,0,11_stitch__under-xlj-all__underA8.jpg
underA8,38,raw_1783481673293_147,0.08471,0.09773,0.1251,0,11_stitch__under-xlj-all__underA8.jpg
underA8,39,raw_1783481702895_152,0.08575,0.09773,0.1251,0,11_stitch__under-xlj-all__underA8.jpg
underA8,40,raw_1783481733321_157,0.08155,0.09773,0.1251,0,11_stitch__under-xlj-all__underA8.jpg
underA8,41,raw_1783481933195_165,0.08674,0.09773,0.1251,0,11_stitch__under-xlj-all__underA8.jpg
underA8,42,raw_1783481967321_170,0.0897,0.09773,0.1251,0,11_stitch__under-xlj-all__underA8.jpg
underA8,43,raw_1783482001405_174,0.09967,0.09773,0.1251,0,11_stitch__under-xlj-all__underA8.jpg
underA8,44,raw_1783482030217_178,0.09761,0.09773,0.1251,0,11_stitch__under-xlj-all__underA8.jpg
underA8,45,raw_1783482108424_186,0.09287,0.09773,0.1251,0,11_stitch__under-xlj-all__underA8.jpg
underA8,46,raw_1783482176407_192,0.0919,0.09773,0.1251,0,11_stitch__under-xlj-all__underA8.jpg
underA8,47,raw_1783482208380_197,0.09027,0.09773,0.1251,0,11_stitch__under-xlj-all__underA8.jpg
underA8,48,raw_1783482241881_202,0.12068,0.09773,0.1251,0,11_stitch__under-xlj-all__underA8.jpg
underA8,49,raw_1783482270614_207,0.1224,0.09773,0.1251,0,11_stitch__under-xlj-all__underA8.jpg
underA8,50,raw_1783482318751_222,0.10357,0.09773,0.1251,0,11_stitch__under-xlj-all__underA8.jpg
underA9,1,raw_1783480173576_15,0.08399,0.10239,0.13106,0,10_stitch__under-xlj-all__underA9.jpg
underA9,2,raw_1783480305078_18,0.07777,0.10239,0.13106,0,10_stitch__under-xlj-all__underA9.jpg
underA9,3,raw_1783480368695_21,0.06835,0.10239,0.13106,0,10_stitch__under-xlj-all__underA9.jpg
underA9,4,raw_1783480430847_24,0.0597,0.10239,0.13106,0,10_stitch__under-xlj-all__underA9.jpg
underA9,5,raw_1783480529399_26,0.0664,0.10239,0.13106,0,10_stitch__under-xlj-all__underA9.jpg
underA9,6,raw_1783480577806_28,0.07723,0.10239,0.13106,0,10_stitch__under-xlj-all__underA9.jpg
underA9,7,raw_1783480629800_30,0.08059,0.10239,0.13106,0,10_stitch__under-xlj-all__underA9.jpg
underA9,8,raw_1783480673086_32,0.07459,0.10239,0.13106,0,10_stitch__under-xlj-all__underA9.jpg
underA9,9,raw_1783480714059_34,0.06661,0.10239,0.13106,0,10_stitch__under-xlj-all__underA9.jpg
underA9,10,raw_1783480754536_36,0.06682,0.10239,0.13106,0,10_stitch__under-xlj-all__underA9.jpg
underA9,11,raw_1783480790320_38,0.06576,0.10239,0.13106,0,10_stitch__under-xlj-all__underA9.jpg
underA9,12,raw_1783480829340_40,0.10548,0.10239,0.13106,0,10_stitch__under-xlj-all__underA9.jpg
underA9,13,raw_1783480861735_42,0.10144,0.10239,0.13106,0,10_stitch__under-xlj-all__underA9.jpg
underA9,14,raw_1783480899622_44,0.10033,0.10239,0.13106,0,10_stitch__under-xlj-all__underA9.jpg
underA9,15,raw_1783480949356_46,0.08811,0.10239,0.13106,0,10_stitch__under-xlj-all__underA9.jpg
underA9,16,raw_1783480984407_49,0.07902,0.10239,0.13106,0,10_stitch__under-xlj-all__underA9.jpg
underA9,17,raw_1783481016591_53,0.08561,0.10239,0.13106,0,10_stitch__under-xlj-all__underA9.jpg
underA9,18,raw_1783481051643_56,0.08662,0.10239,0.13106,0,10_stitch__under-xlj-all__underA9.jpg
underA9,19,raw_1783481082142_61,0.09337,0.10239,0.13106,0,10_stitch__under-xlj-all__underA9.jpg
underA9,20,raw_1783481118478_65,0.10623,0.10239,0.13106,0,10_stitch__under-xlj-all__underA9.jpg
underA9,21,raw_1783481148210_70,0.10809,0.10239,0.13106,0,10_stitch__under-xlj-all__underA9.jpg
underA9,22,raw_1783481175178_74,0.14405,0.10239,0.13106,1,10_stitch__under-xlj-all__underA9.jpg
underA9,23,raw_1783481213966_79,0.18255,0.10239,0.13106,1,10_stitch__under-xlj-all__underA9.jpg
underA9,24,raw_1783481245428_84,0.20203,0.10239,0.13106,1,10_stitch__under-xlj-all__underA9.jpg
underA9,25,raw_1783481275385_89,0.21967,0.10239,0.13106,1,10_stitch__under-xlj-all__underA9.jpg
underA9,26,raw_1783481309470_93,0.21024,0.10239,0.13106,1,10_stitch__under-xlj-all__underA9.jpg
underA9,27,raw_1783481340033_98,0.24158,0.10239,0.13106,1,10_stitch__under-xlj-all__underA9.jpg
underA9,28,raw_1783481364097_102,0.23097,0.10239,0.13106,1,10_stitch__under-xlj-all__underA9.jpg
underA9,29,raw_1783481395255_106,0.20883,0.10239,0.13106,1,10_stitch__under-xlj-all__underA9.jpg
underA9,30,raw_1783481423599_110,0.2308,0.10239,0.13106,1,10_stitch__under-xlj-all__underA9.jpg
underA9,31,raw_1783481461782_114,0.24977,0.10239,0.13106,1,10_stitch__under-xlj-all__underA9.jpg
underA9,32,raw_1783481494815_118,0.23063,0.10239,0.13106,1,10_stitch__under-xlj-all__underA9.jpg
underA9,33,raw_1783481526381_123,0.17875,0.10239,0.13106,1,10_stitch__under-xlj-all__underA9.jpg
underA9,34,raw_1783481559073_128,0.17068,0.10239,0.13106,1,10_stitch__under-xlj-all__underA9.jpg
underA9,35,raw_1783481588485_132,0.13705,0.10239,0.13106,1,10_stitch__under-xlj-all__underA9.jpg
underA9,36,raw_1783481613268_137,0.11418,0.10239,0.13106,0,10_stitch__under-xlj-all__underA9.jpg
underA9,37,raw_1783481645023_142,0.10232,0.10239,0.13106,0,10_stitch__under-xlj-all__underA9.jpg
underA9,38,raw_1783481673293_147,0.09595,0.10239,0.13106,0,10_stitch__under-xlj-all__underA9.jpg
underA9,39,raw_1783481702895_152,0.1009,0.10239,0.13106,0,10_stitch__under-xlj-all__underA9.jpg
underA9,40,raw_1783481733321_157,0.09615,0.10239,0.13106,0,10_stitch__under-xlj-all__underA9.jpg
underA9,41,raw_1783481933195_165,0.10245,0.10239,0.13106,0,10_stitch__under-xlj-all__underA9.jpg
underA9,42,raw_1783481967321_170,0.10325,0.10239,0.13106,0,10_stitch__under-xlj-all__underA9.jpg
underA9,43,raw_1783482001405_174,0.11344,0.10239,0.13106,0,10_stitch__under-xlj-all__underA9.jpg
underA9,44,raw_1783482030217_178,0.10683,0.10239,0.13106,0,10_stitch__under-xlj-all__underA9.jpg
underA9,45,raw_1783482108424_186,0.09331,0.10239,0.13106,0,10_stitch__under-xlj-all__underA9.jpg
underA9,46,raw_1783482176407_192,0.09553,0.10239,0.13106,0,10_stitch__under-xlj-all__underA9.jpg
underA9,47,raw_1783482208380_197,0.09507,0.10239,0.13106,0,10_stitch__under-xlj-all__underA9.jpg
underA9,48,raw_1783482241881_202,0.11848,0.10239,0.13106,0,10_stitch__under-xlj-all__underA9.jpg
underA9,49,raw_1783482270614_207,0.12177,0.10239,0.13106,0,10_stitch__under-xlj-all__underA9.jpg
underA9,50,raw_1783482318751_222,0.10451,0.10239,0.13106,0,10_stitch__under-xlj-all__underA9.jpg
underA10,1,raw_1783480173576_15,0.07863,0.09817,0.12566,0,9_stitch__under-xlj-all__underA10.jpg
underA10,2,raw_1783480305078_18,0.07566,0.09817,0.12566,0,9_stitch__under-xlj-all__underA10.jpg
underA10,3,raw_1783480368695_21,0.06803,0.09817,0.12566,0,9_stitch__under-xlj-all__underA10.jpg
underA10,4,raw_1783480430847_24,0.06048,0.09817,0.12566,0,9_stitch__under-xlj-all__underA10.jpg
underA10,5,raw_1783480529399_26,0.06189,0.09817,0.12566,0,9_stitch__under-xlj-all__underA10.jpg
underA10,6,raw_1783480577806_28,0.0695,0.09817,0.12566,0,9_stitch__under-xlj-all__underA10.jpg
underA10,7,raw_1783480629800_30,0.07204,0.09817,0.12566,0,9_stitch__under-xlj-all__underA10.jpg
underA10,8,raw_1783480673086_32,0.06799,0.09817,0.12566,0,9_stitch__under-xlj-all__underA10.jpg
underA10,9,raw_1783480714059_34,0.06908,0.09817,0.12566,0,9_stitch__under-xlj-all__underA10.jpg
underA10,10,raw_1783480754536_36,0.06368,0.09817,0.12566,0,9_stitch__under-xlj-all__underA10.jpg
underA10,11,raw_1783480790320_38,0.06326,0.09817,0.12566,0,9_stitch__under-xlj-all__underA10.jpg
underA10,12,raw_1783480829340_40,0.06298,0.09817,0.12566,0,9_stitch__under-xlj-all__underA10.jpg
underA10,13,raw_1783480861735_42,0.09669,0.09817,0.12566,0,9_stitch__under-xlj-all__underA10.jpg
underA10,14,raw_1783480899622_44,0.08673,0.09817,0.12566,0,9_stitch__under-xlj-all__underA10.jpg
underA10,15,raw_1783480949356_46,0.07575,0.09817,0.12566,0,9_stitch__under-xlj-all__underA10.jpg
underA10,16,raw_1783480984407_49,0.07408,0.09817,0.12566,0,9_stitch__under-xlj-all__underA10.jpg
underA10,17,raw_1783481016591_53,0.06909,0.09817,0.12566,0,9_stitch__under-xlj-all__underA10.jpg
underA10,18,raw_1783481051643_56,0.06831,0.09817,0.12566,0,9_stitch__under-xlj-all__underA10.jpg
underA10,19,raw_1783481082142_61,0.07789,0.09817,0.12566,0,9_stitch__under-xlj-all__underA10.jpg
underA10,20,raw_1783481118478_65,0.08737,0.09817,0.12566,0,9_stitch__under-xlj-all__underA10.jpg
underA10,21,raw_1783481148210_70,0.07789,0.09817,0.12566,0,9_stitch__under-xlj-all__underA10.jpg
underA10,22,raw_1783481175178_74,0.08998,0.09817,0.12566,0,9_stitch__under-xlj-all__underA10.jpg
underA10,23,raw_1783481213966_79,0.10556,0.09817,0.12566,0,9_stitch__under-xlj-all__underA10.jpg
underA10,24,raw_1783481245428_84,0.1127,0.09817,0.12566,0,9_stitch__under-xlj-all__underA10.jpg
underA10,25,raw_1783481275385_89,0.13434,0.09817,0.12566,1,9_stitch__under-xlj-all__underA10.jpg
underA10,26,raw_1783481309470_93,0.16901,0.09817,0.12566,1,9_stitch__under-xlj-all__underA10.jpg
underA10,27,raw_1783481340033_98,0.19209,0.09817,0.12566,1,9_stitch__under-xlj-all__underA10.jpg
underA10,28,raw_1783481364097_102,0.2302,0.09817,0.12566,1,9_stitch__under-xlj-all__underA10.jpg
underA10,29,raw_1783481395255_106,0.20786,0.09817,0.12566,1,9_stitch__under-xlj-all__underA10.jpg
underA10,30,raw_1783481423599_110,0.2215,0.09817,0.12566,1,9_stitch__under-xlj-all__underA10.jpg
underA10,31,raw_1783481461782_114,0.16975,0.09817,0.12566,1,9_stitch__under-xlj-all__underA10.jpg
underA10,32,raw_1783481494815_118,0.23454,0.09817,0.12566,1,9_stitch__under-xlj-all__underA10.jpg
underA10,33,raw_1783481526381_123,0.21451,0.09817,0.12566,1,9_stitch__under-xlj-all__underA10.jpg
underA10,34,raw_1783481559073_128,0.24247,0.09817,0.12566,1,9_stitch__under-xlj-all__underA10.jpg
underA10,35,raw_1783481588485_132,0.23734,0.09817,0.12566,1,9_stitch__under-xlj-all__underA10.jpg
underA10,36,raw_1783481613268_137,0.20784,0.09817,0.12566,1,9_stitch__under-xlj-all__underA10.jpg
underA10,37,raw_1783481645023_142,0.1692,0.09817,0.12566,1,9_stitch__under-xlj-all__underA10.jpg
underA10,38,raw_1783481673293_147,0.12204,0.09817,0.12566,0,9_stitch__under-xlj-all__underA10.jpg
underA10,39,raw_1783481702895_152,0.11012,0.09817,0.12566,0,9_stitch__under-xlj-all__underA10.jpg
underA10,40,raw_1783481733321_157,0.1072,0.09817,0.12566,0,9_stitch__under-xlj-all__underA10.jpg
underA10,41,raw_1783481933195_165,0.14804,0.09817,0.12566,1,9_stitch__under-xlj-all__underA10.jpg
underA10,42,raw_1783481967321_170,0.11481,0.09817,0.12566,0,9_stitch__under-xlj-all__underA10.jpg
underA10,43,raw_1783482001405_174,0.12496,0.09817,0.12566,0,9_stitch__under-xlj-all__underA10.jpg
underA10,44,raw_1783482030217_178,0.11955,0.09817,0.12566,0,9_stitch__under-xlj-all__underA10.jpg
underA10,45,raw_1783482108424_186,0.0872,0.09817,0.12566,0,9_stitch__under-xlj-all__underA10.jpg
underA10,46,raw_1783482176407_192,0.09054,0.09817,0.12566,0,9_stitch__under-xlj-all__underA10.jpg
underA10,47,raw_1783482208380_197,0.08768,0.09817,0.12566,0,9_stitch__under-xlj-all__underA10.jpg
underA10,48,raw_1783482241881_202,0.11405,0.09817,0.12566,0,9_stitch__under-xlj-all__underA10.jpg
underA10,49,raw_1783482270614_207,0.11126,0.09817,0.12566,0,9_stitch__under-xlj-all__underA10.jpg
underA10,50,raw_1783482318751_222,0.09965,0.09817,0.12566,0,9_stitch__under-xlj-all__underA10.jpg
underA11,1,raw_1783480173576_15,0.07896,0.10071,0.12891,0,8_stitch__under-xlj-all__underA11.jpg
underA11,2,raw_1783480305078_18,0.07604,0.10071,0.12891,0,8_stitch__under-xlj-all__underA11.jpg
underA11,3,raw_1783480368695_21,0.0698,0.10071,0.12891,0,8_stitch__under-xlj-all__underA11.jpg
underA11,4,raw_1783480430847_24,0.06572,0.10071,0.12891,0,8_stitch__under-xlj-all__underA11.jpg
underA11,5,raw_1783480529399_26,0.0639,0.10071,0.12891,0,8_stitch__under-xlj-all__underA11.jpg
underA11,6,raw_1783480577806_28,0.07256,0.10071,0.12891,0,8_stitch__under-xlj-all__underA11.jpg
underA11,7,raw_1783480629800_30,0.07544,0.10071,0.12891,0,8_stitch__under-xlj-all__underA11.jpg
underA11,8,raw_1783480673086_32,0.07817,0.10071,0.12891,0,8_stitch__under-xlj-all__underA11.jpg
underA11,9,raw_1783480714059_34,0.07637,0.10071,0.12891,0,8_stitch__under-xlj-all__underA11.jpg
underA11,10,raw_1783480754536_36,0.06957,0.10071,0.12891,0,8_stitch__under-xlj-all__underA11.jpg
underA11,11,raw_1783480790320_38,0.06883,0.10071,0.12891,0,8_stitch__under-xlj-all__underA11.jpg
underA11,12,raw_1783480829340_40,0.09117,0.10071,0.12891,0,8_stitch__under-xlj-all__underA11.jpg
underA11,13,raw_1783480861735_42,0.09547,0.10071,0.12891,0,8_stitch__under-xlj-all__underA11.jpg
underA11,14,raw_1783480899622_44,0.1009,0.10071,0.12891,0,8_stitch__under-xlj-all__underA11.jpg
underA11,15,raw_1783480949356_46,0.07457,0.10071,0.12891,0,8_stitch__under-xlj-all__underA11.jpg
underA11,16,raw_1783480984407_49,0.07315,0.10071,0.12891,0,8_stitch__under-xlj-all__underA11.jpg
underA11,17,raw_1783481016591_53,0.06967,0.10071,0.12891,0,8_stitch__under-xlj-all__underA11.jpg
underA11,18,raw_1783481051643_56,0.07287,0.10071,0.12891,0,8_stitch__under-xlj-all__underA11.jpg
underA11,19,raw_1783481082142_61,0.07427,0.10071,0.12891,0,8_stitch__under-xlj-all__underA11.jpg
underA11,20,raw_1783481118478_65,0.08065,0.10071,0.12891,0,8_stitch__under-xlj-all__underA11.jpg
underA11,21,raw_1783481148210_70,0.07388,0.10071,0.12891,0,8_stitch__under-xlj-all__underA11.jpg
underA11,22,raw_1783481175178_74,0.08396,0.10071,0.12891,0,8_stitch__under-xlj-all__underA11.jpg
underA11,23,raw_1783481213966_79,0.10098,0.10071,0.12891,0,8_stitch__under-xlj-all__underA11.jpg
underA11,24,raw_1783481245428_84,0.09606,0.10071,0.12891,0,8_stitch__under-xlj-all__underA11.jpg
underA11,25,raw_1783481275385_89,0.09622,0.10071,0.12891,0,8_stitch__under-xlj-all__underA11.jpg
underA11,26,raw_1783481309470_93,0.11917,0.10071,0.12891,0,8_stitch__under-xlj-all__underA11.jpg
underA11,27,raw_1783481340033_98,0.14633,0.10071,0.12891,1,8_stitch__under-xlj-all__underA11.jpg
underA11,28,raw_1783481364097_102,0.16724,0.10071,0.12891,1,8_stitch__under-xlj-all__underA11.jpg
underA11,29,raw_1783481395255_106,0.16639,0.10071,0.12891,1,8_stitch__under-xlj-all__underA11.jpg
underA11,30,raw_1783481423599_110,0.17214,0.10071,0.12891,1,8_stitch__under-xlj-all__underA11.jpg
underA11,31,raw_1783481461782_114,0.16311,0.10071,0.12891,1,8_stitch__under-xlj-all__underA11.jpg
underA11,32,raw_1783481494815_118,0.1915,0.10071,0.12891,1,8_stitch__under-xlj-all__underA11.jpg
underA11,33,raw_1783481526381_123,0.19426,0.10071,0.12891,1,8_stitch__under-xlj-all__underA11.jpg
underA11,34,raw_1783481559073_128,0.25272,0.10071,0.12891,1,8_stitch__under-xlj-all__underA11.jpg
underA11,35,raw_1783481588485_132,0.26297,0.10071,0.12891,1,8_stitch__under-xlj-all__underA11.jpg
underA11,36,raw_1783481613268_137,0.24887,0.10071,0.12891,1,8_stitch__under-xlj-all__underA11.jpg
underA11,37,raw_1783481645023_142,0.25309,0.10071,0.12891,1,8_stitch__under-xlj-all__underA11.jpg
underA11,38,raw_1783481673293_147,0.23806,0.10071,0.12891,1,8_stitch__under-xlj-all__underA11.jpg
underA11,39,raw_1783481702895_152,0.19046,0.10071,0.12891,1,8_stitch__under-xlj-all__underA11.jpg
underA11,40,raw_1783481733321_157,0.17845,0.10071,0.12891,1,8_stitch__under-xlj-all__underA11.jpg
underA11,41,raw_1783481933195_165,0.17808,0.10071,0.12891,1,8_stitch__under-xlj-all__underA11.jpg
underA11,42,raw_1783481967321_170,0.15252,0.10071,0.12891,1,8_stitch__under-xlj-all__underA11.jpg
underA11,43,raw_1783482001405_174,0.15303,0.10071,0.12891,1,8_stitch__under-xlj-all__underA11.jpg
underA11,44,raw_1783482030217_178,0.13763,0.10071,0.12891,1,8_stitch__under-xlj-all__underA11.jpg
underA11,45,raw_1783482108424_186,0.09815,0.10071,0.12891,0,8_stitch__under-xlj-all__underA11.jpg
underA11,46,raw_1783482176407_192,0.10248,0.10071,0.12891,0,8_stitch__under-xlj-all__underA11.jpg
underA11,47,raw_1783482208380_197,0.10052,0.10071,0.12891,0,8_stitch__under-xlj-all__underA11.jpg
underA11,48,raw_1783482241881_202,0.13264,0.10071,0.12891,1,8_stitch__under-xlj-all__underA11.jpg
underA11,49,raw_1783482270614_207,0.12873,0.10071,0.12891,0,8_stitch__under-xlj-all__underA11.jpg
underA11,50,raw_1783482318751_222,0.11455,0.10071,0.12891,0,8_stitch__under-xlj-all__underA11.jpg
underA12,1,raw_1783480173576_15,0.0627,0.08624,0.11039,0,7_stitch__under-xlj-all__underA12.jpg
underA12,2,raw_1783480305078_18,0.06001,0.08624,0.11039,0,7_stitch__under-xlj-all__underA12.jpg
underA12,3,raw_1783480368695_21,0.05935,0.08624,0.11039,0,7_stitch__under-xlj-all__underA12.jpg
underA12,4,raw_1783480430847_24,0.05386,0.08624,0.11039,0,7_stitch__under-xlj-all__underA12.jpg
underA12,5,raw_1783480529399_26,0.06067,0.08624,0.11039,0,7_stitch__under-xlj-all__underA12.jpg
underA12,6,raw_1783480577806_28,0.05937,0.08624,0.11039,0,7_stitch__under-xlj-all__underA12.jpg
underA12,7,raw_1783480629800_30,0.05932,0.08624,0.11039,0,7_stitch__under-xlj-all__underA12.jpg
underA12,8,raw_1783480673086_32,0.06785,0.08624,0.11039,0,7_stitch__under-xlj-all__underA12.jpg
underA12,9,raw_1783480714059_34,0.07001,0.08624,0.11039,0,7_stitch__under-xlj-all__underA12.jpg
underA12,10,raw_1783480754536_36,0.06099,0.08624,0.11039,0,7_stitch__under-xlj-all__underA12.jpg
underA12,11,raw_1783480790320_38,0.06238,0.08624,0.11039,0,7_stitch__under-xlj-all__underA12.jpg
underA12,12,raw_1783480829340_40,0.06736,0.08624,0.11039,0,7_stitch__under-xlj-all__underA12.jpg
underA12,13,raw_1783480861735_42,0.07714,0.08624,0.11039,0,7_stitch__under-xlj-all__underA12.jpg
underA12,14,raw_1783480899622_44,0.11768,0.08624,0.11039,1,7_stitch__under-xlj-all__underA12.jpg
underA12,15,raw_1783480949356_46,0.07148,0.08624,0.11039,0,7_stitch__under-xlj-all__underA12.jpg
underA12,16,raw_1783480984407_49,0.05873,0.08624,0.11039,0,7_stitch__under-xlj-all__underA12.jpg
underA12,17,raw_1783481016591_53,0.05847,0.08624,0.11039,0,7_stitch__under-xlj-all__underA12.jpg
underA12,18,raw_1783481051643_56,0.07164,0.08624,0.11039,0,7_stitch__under-xlj-all__underA12.jpg
underA12,19,raw_1783481082142_61,0.05726,0.08624,0.11039,0,7_stitch__under-xlj-all__underA12.jpg
underA12,20,raw_1783481118478_65,0.06302,0.08624,0.11039,0,7_stitch__under-xlj-all__underA12.jpg
underA12,21,raw_1783481148210_70,0.06093,0.08624,0.11039,0,7_stitch__under-xlj-all__underA12.jpg
underA12,22,raw_1783481175178_74,0.06438,0.08624,0.11039,0,7_stitch__under-xlj-all__underA12.jpg
underA12,23,raw_1783481213966_79,0.07715,0.08624,0.11039,0,7_stitch__under-xlj-all__underA12.jpg
underA12,24,raw_1783481245428_84,0.07447,0.08624,0.11039,0,7_stitch__under-xlj-all__underA12.jpg
underA12,25,raw_1783481275385_89,0.07781,0.08624,0.11039,0,7_stitch__under-xlj-all__underA12.jpg
underA12,26,raw_1783481309470_93,0.09023,0.08624,0.11039,0,7_stitch__under-xlj-all__underA12.jpg
underA12,27,raw_1783481340033_98,0.098,0.08624,0.11039,0,7_stitch__under-xlj-all__underA12.jpg
underA12,28,raw_1783481364097_102,0.11174,0.08624,0.11039,1,7_stitch__under-xlj-all__underA12.jpg
underA12,29,raw_1783481395255_106,0.08375,0.08624,0.11039,0,7_stitch__under-xlj-all__underA12.jpg
underA12,30,raw_1783481423599_110,0.08873,0.08624,0.11039,0,7_stitch__under-xlj-all__underA12.jpg
underA12,31,raw_1783481461782_114,0.1202,0.08624,0.11039,1,7_stitch__under-xlj-all__underA12.jpg
underA12,32,raw_1783481494815_118,0.17743,0.08624,0.11039,1,7_stitch__under-xlj-all__underA12.jpg
underA12,33,raw_1783481526381_123,0.14606,0.08624,0.11039,1,7_stitch__under-xlj-all__underA12.jpg
underA12,34,raw_1783481559073_128,0.1751,0.08624,0.11039,1,7_stitch__under-xlj-all__underA12.jpg
underA12,35,raw_1783481588485_132,0.21188,0.08624,0.11039,1,7_stitch__under-xlj-all__underA12.jpg
underA12,36,raw_1783481613268_137,0.22156,0.08624,0.11039,1,7_stitch__under-xlj-all__underA12.jpg
underA12,37,raw_1783481645023_142,0.24244,0.08624,0.11039,1,7_stitch__under-xlj-all__underA12.jpg
underA12,38,raw_1783481673293_147,0.23218,0.08624,0.11039,1,7_stitch__under-xlj-all__underA12.jpg
underA12,39,raw_1783481702895_152,0.24611,0.08624,0.11039,1,7_stitch__under-xlj-all__underA12.jpg
underA12,40,raw_1783481733321_157,0.24012,0.08624,0.11039,1,7_stitch__under-xlj-all__underA12.jpg
underA12,41,raw_1783481933195_165,0.21415,0.08624,0.11039,1,7_stitch__under-xlj-all__underA12.jpg
underA12,42,raw_1783481967321_170,0.20248,0.08624,0.11039,1,7_stitch__under-xlj-all__underA12.jpg
underA12,43,raw_1783482001405_174,0.19798,0.08624,0.11039,1,7_stitch__under-xlj-all__underA12.jpg
underA12,44,raw_1783482030217_178,0.17555,0.08624,0.11039,1,7_stitch__under-xlj-all__underA12.jpg
underA12,45,raw_1783482108424_186,0.0942,0.08624,0.11039,0,7_stitch__under-xlj-all__underA12.jpg
underA12,46,raw_1783482176407_192,0.10326,0.08624,0.11039,0,7_stitch__under-xlj-all__underA12.jpg
underA12,47,raw_1783482208380_197,0.09509,0.08624,0.11039,0,7_stitch__under-xlj-all__underA12.jpg
underA12,48,raw_1783482241881_202,0.14511,0.08624,0.11039,1,7_stitch__under-xlj-all__underA12.jpg
underA12,49,raw_1783482270614_207,0.14285,0.08624,0.11039,1,7_stitch__under-xlj-all__underA12.jpg
underA12,50,raw_1783482318751_222,0.1103,0.08624,0.11039,0,7_stitch__under-xlj-all__underA12.jpg
underA13,1,raw_1783480173576_15,0.05527,0.07359,0.09419,0,6_stitch__under-xlj-all__underA13.jpg
underA13,2,raw_1783480305078_18,0.05398,0.07359,0.09419,0,6_stitch__under-xlj-all__underA13.jpg
underA13,3,raw_1783480368695_21,0.05645,0.07359,0.09419,0,6_stitch__under-xlj-all__underA13.jpg
underA13,4,raw_1783480430847_24,0.05268,0.07359,0.09419,0,6_stitch__under-xlj-all__underA13.jpg
underA13,5,raw_1783480529399_26,0.04719,0.07359,0.09419,0,6_stitch__under-xlj-all__underA13.jpg
underA13,6,raw_1783480577806_28,0.04706,0.07359,0.09419,0,6_stitch__under-xlj-all__underA13.jpg
underA13,7,raw_1783480629800_30,0.05282,0.07359,0.09419,0,6_stitch__under-xlj-all__underA13.jpg
underA13,8,raw_1783480673086_32,0.0599,0.07359,0.09419,0,6_stitch__under-xlj-all__underA13.jpg
underA13,9,raw_1783480714059_34,0.05834,0.07359,0.09419,0,6_stitch__under-xlj-all__underA13.jpg
underA13,10,raw_1783480754536_36,0.0554,0.07359,0.09419,0,6_stitch__under-xlj-all__underA13.jpg
underA13,11,raw_1783480790320_38,0.05911,0.07359,0.09419,0,6_stitch__under-xlj-all__underA13.jpg
underA13,12,raw_1783480829340_40,0.05214,0.07359,0.09419,0,6_stitch__under-xlj-all__underA13.jpg
underA13,13,raw_1783480861735_42,0.07165,0.07359,0.09419,0,6_stitch__under-xlj-all__underA13.jpg
underA13,14,raw_1783480899622_44,0.13181,0.07359,0.09419,1,6_stitch__under-xlj-all__underA13.jpg
underA13,15,raw_1783480949356_46,0.06061,0.07359,0.09419,0,6_stitch__under-xlj-all__underA13.jpg
underA13,16,raw_1783480984407_49,0.05742,0.07359,0.09419,0,6_stitch__under-xlj-all__underA13.jpg
underA13,17,raw_1783481016591_53,0.05739,0.07359,0.09419,0,6_stitch__under-xlj-all__underA13.jpg
underA13,18,raw_1783481051643_56,0.06905,0.07359,0.09419,0,6_stitch__under-xlj-all__underA13.jpg
underA13,19,raw_1783481082142_61,0.05549,0.07359,0.09419,0,6_stitch__under-xlj-all__underA13.jpg
underA13,20,raw_1783481118478_65,0.05948,0.07359,0.09419,0,6_stitch__under-xlj-all__underA13.jpg
underA13,21,raw_1783481148210_70,0.05868,0.07359,0.09419,0,6_stitch__under-xlj-all__underA13.jpg
underA13,22,raw_1783481175178_74,0.06073,0.07359,0.09419,0,6_stitch__under-xlj-all__underA13.jpg
underA13,23,raw_1783481213966_79,0.06785,0.07359,0.09419,0,6_stitch__under-xlj-all__underA13.jpg
underA13,24,raw_1783481245428_84,0.06564,0.07359,0.09419,0,6_stitch__under-xlj-all__underA13.jpg
underA13,25,raw_1783481275385_89,0.06916,0.07359,0.09419,0,6_stitch__under-xlj-all__underA13.jpg
underA13,26,raw_1783481309470_93,0.07552,0.07359,0.09419,0,6_stitch__under-xlj-all__underA13.jpg
underA13,27,raw_1783481340033_98,0.08796,0.07359,0.09419,0,6_stitch__under-xlj-all__underA13.jpg
underA13,28,raw_1783481364097_102,0.10207,0.07359,0.09419,1,6_stitch__under-xlj-all__underA13.jpg
underA13,29,raw_1783481395255_106,0.07946,0.07359,0.09419,0,6_stitch__under-xlj-all__underA13.jpg
underA13,30,raw_1783481423599_110,0.07113,0.07359,0.09419,0,6_stitch__under-xlj-all__underA13.jpg
underA13,31,raw_1783481461782_114,0.0841,0.07359,0.09419,0,6_stitch__under-xlj-all__underA13.jpg
underA13,32,raw_1783481494815_118,0.10694,0.07359,0.09419,1,6_stitch__under-xlj-all__underA13.jpg
underA13,33,raw_1783481526381_123,0.10063,0.07359,0.09419,1,6_stitch__under-xlj-all__underA13.jpg
underA13,34,raw_1783481559073_128,0.14343,0.07359,0.09419,1,6_stitch__under-xlj-all__underA13.jpg
underA13,35,raw_1783481588485_132,0.18281,0.07359,0.09419,1,6_stitch__under-xlj-all__underA13.jpg
underA13,36,raw_1783481613268_137,0.17192,0.07359,0.09419,1,6_stitch__under-xlj-all__underA13.jpg
underA13,37,raw_1783481645023_142,0.18685,0.07359,0.09419,1,6_stitch__under-xlj-all__underA13.jpg
underA13,38,raw_1783481673293_147,0.20828,0.07359,0.09419,1,6_stitch__under-xlj-all__underA13.jpg
underA13,39,raw_1783481702895_152,0.23961,0.07359,0.09419,1,6_stitch__under-xlj-all__underA13.jpg
underA13,40,raw_1783481733321_157,0.23411,0.07359,0.09419,1,6_stitch__under-xlj-all__underA13.jpg
underA13,41,raw_1783481933195_165,0.22687,0.07359,0.09419,1,6_stitch__under-xlj-all__underA13.jpg
underA13,42,raw_1783481967321_170,0.23449,0.07359,0.09419,1,6_stitch__under-xlj-all__underA13.jpg
underA13,43,raw_1783482001405_174,0.24689,0.07359,0.09419,1,6_stitch__under-xlj-all__underA13.jpg
underA13,44,raw_1783482030217_178,0.21676,0.07359,0.09419,1,6_stitch__under-xlj-all__underA13.jpg
underA13,45,raw_1783482108424_186,0.18751,0.07359,0.09419,1,6_stitch__under-xlj-all__underA13.jpg
underA13,46,raw_1783482176407_192,0.16713,0.07359,0.09419,1,6_stitch__under-xlj-all__underA13.jpg
underA13,47,raw_1783482208380_197,0.11223,0.07359,0.09419,1,6_stitch__under-xlj-all__underA13.jpg
underA13,48,raw_1783482241881_202,0.15944,0.07359,0.09419,1,6_stitch__under-xlj-all__underA13.jpg
underA13,49,raw_1783482270614_207,0.15843,0.07359,0.09419,1,6_stitch__under-xlj-all__underA13.jpg
underA13,50,raw_1783482318751_222,0.12121,0.07359,0.09419,1,6_stitch__under-xlj-all__underA13.jpg
underA14,1,raw_1783480173576_15,0.05865,0.06837,0.08751,0,5_stitch__under-xlj-all__underA14.jpg
underA14,2,raw_1783480305078_18,0.0555,0.06837,0.08751,0,5_stitch__under-xlj-all__underA14.jpg
underA14,3,raw_1783480368695_21,0.06161,0.06837,0.08751,0,5_stitch__under-xlj-all__underA14.jpg
underA14,4,raw_1783480430847_24,0.05684,0.06837,0.08751,0,5_stitch__under-xlj-all__underA14.jpg
underA14,5,raw_1783480529399_26,0.06601,0.06837,0.08751,0,5_stitch__under-xlj-all__underA14.jpg
underA14,6,raw_1783480577806_28,0.04902,0.06837,0.08751,0,5_stitch__under-xlj-all__underA14.jpg
underA14,7,raw_1783480629800_30,0.05435,0.06837,0.08751,0,5_stitch__under-xlj-all__underA14.jpg
underA14,8,raw_1783480673086_32,0.05311,0.06837,0.08751,0,5_stitch__under-xlj-all__underA14.jpg
underA14,9,raw_1783480714059_34,0.05567,0.06837,0.08751,0,5_stitch__under-xlj-all__underA14.jpg
underA14,10,raw_1783480754536_36,0.05624,0.06837,0.08751,0,5_stitch__under-xlj-all__underA14.jpg
underA14,11,raw_1783480790320_38,0.0578,0.06837,0.08751,0,5_stitch__under-xlj-all__underA14.jpg
underA14,12,raw_1783480829340_40,0.05559,0.06837,0.08751,0,5_stitch__under-xlj-all__underA14.jpg
underA14,13,raw_1783480861735_42,0.06195,0.06837,0.08751,0,5_stitch__under-xlj-all__underA14.jpg
underA14,14,raw_1783480899622_44,0.0637,0.06837,0.08751,0,5_stitch__under-xlj-all__underA14.jpg
underA14,15,raw_1783480949356_46,0.0665,0.06837,0.08751,0,5_stitch__under-xlj-all__underA14.jpg
underA14,16,raw_1783480984407_49,0.05756,0.06837,0.08751,0,5_stitch__under-xlj-all__underA14.jpg
underA14,17,raw_1783481016591_53,0.05554,0.06837,0.08751,0,5_stitch__under-xlj-all__underA14.jpg
underA14,18,raw_1783481051643_56,0.06935,0.06837,0.08751,0,5_stitch__under-xlj-all__underA14.jpg
underA14,19,raw_1783481082142_61,0.05782,0.06837,0.08751,0,5_stitch__under-xlj-all__underA14.jpg
underA14,20,raw_1783481118478_65,0.06059,0.06837,0.08751,0,5_stitch__under-xlj-all__underA14.jpg
underA14,21,raw_1783481148210_70,0.05521,0.06837,0.08751,0,5_stitch__under-xlj-all__underA14.jpg
underA14,22,raw_1783481175178_74,0.06181,0.06837,0.08751,0,5_stitch__under-xlj-all__underA14.jpg
underA14,23,raw_1783481213966_79,0.06818,0.06837,0.08751,0,5_stitch__under-xlj-all__underA14.jpg
underA14,24,raw_1783481245428_84,0.06676,0.06837,0.08751,0,5_stitch__under-xlj-all__underA14.jpg
underA14,25,raw_1783481275385_89,0.06856,0.06837,0.08751,0,5_stitch__under-xlj-all__underA14.jpg
underA14,26,raw_1783481309470_93,0.06677,0.06837,0.08751,0,5_stitch__under-xlj-all__underA14.jpg
underA14,27,raw_1783481340033_98,0.07829,0.06837,0.08751,0,5_stitch__under-xlj-all__underA14.jpg
underA14,28,raw_1783481364097_102,0.09683,0.06837,0.08751,1,5_stitch__under-xlj-all__underA14.jpg
underA14,29,raw_1783481395255_106,0.07464,0.06837,0.08751,0,5_stitch__under-xlj-all__underA14.jpg
underA14,30,raw_1783481423599_110,0.06612,0.06837,0.08751,0,5_stitch__under-xlj-all__underA14.jpg
underA14,31,raw_1783481461782_114,0.07916,0.06837,0.08751,0,5_stitch__under-xlj-all__underA14.jpg
underA14,32,raw_1783481494815_118,0.09225,0.06837,0.08751,1,5_stitch__under-xlj-all__underA14.jpg
underA14,33,raw_1783481526381_123,0.08226,0.06837,0.08751,0,5_stitch__under-xlj-all__underA14.jpg
underA14,34,raw_1783481559073_128,0.09743,0.06837,0.08751,1,5_stitch__under-xlj-all__underA14.jpg
underA14,35,raw_1783481588485_132,0.10991,0.06837,0.08751,1,5_stitch__under-xlj-all__underA14.jpg
underA14,36,raw_1783481613268_137,0.11524,0.06837,0.08751,1,5_stitch__under-xlj-all__underA14.jpg
underA14,37,raw_1783481645023_142,0.13964,0.06837,0.08751,1,5_stitch__under-xlj-all__underA14.jpg
underA14,38,raw_1783481673293_147,0.15844,0.06837,0.08751,1,5_stitch__under-xlj-all__underA14.jpg
underA14,39,raw_1783481702895_152,0.17315,0.06837,0.08751,1,5_stitch__under-xlj-all__underA14.jpg
underA14,40,raw_1783481733321_157,0.1824,0.06837,0.08751,1,5_stitch__under-xlj-all__underA14.jpg
underA14,41,raw_1783481933195_165,0.17448,0.06837,0.08751,1,5_stitch__under-xlj-all__underA14.jpg
underA14,42,raw_1783481967321_170,0.22747,0.06837,0.08751,1,5_stitch__under-xlj-all__underA14.jpg
underA14,43,raw_1783482001405_174,0.24811,0.06837,0.08751,1,5_stitch__under-xlj-all__underA14.jpg
underA14,44,raw_1783482030217_178,0.23667,0.06837,0.08751,1,5_stitch__under-xlj-all__underA14.jpg
underA14,45,raw_1783482108424_186,0.23126,0.06837,0.08751,1,5_stitch__under-xlj-all__underA14.jpg
underA14,46,raw_1783482176407_192,0.21927,0.06837,0.08751,1,5_stitch__under-xlj-all__underA14.jpg
underA14,47,raw_1783482208380_197,0.20167,0.06837,0.08751,1,5_stitch__under-xlj-all__underA14.jpg
underA14,48,raw_1783482241881_202,0.16378,0.06837,0.08751,1,5_stitch__under-xlj-all__underA14.jpg
underA14,49,raw_1783482270614_207,0.17457,0.06837,0.08751,1,5_stitch__under-xlj-all__underA14.jpg
underA14,50,raw_1783482318751_222,0.13112,0.06837,0.08751,1,5_stitch__under-xlj-all__underA14.jpg
underA15,1,raw_1783480173576_15,0.05484,0.06529,0.08357,0,4_stitch__under-xlj-all__underA15.jpg
underA15,2,raw_1783480305078_18,0.05403,0.06529,0.08357,0,4_stitch__under-xlj-all__underA15.jpg
underA15,3,raw_1783480368695_21,0.05888,0.06529,0.08357,0,4_stitch__under-xlj-all__underA15.jpg
underA15,4,raw_1783480430847_24,0.05554,0.06529,0.08357,0,4_stitch__under-xlj-all__underA15.jpg
underA15,5,raw_1783480529399_26,0.06279,0.06529,0.08357,0,4_stitch__under-xlj-all__underA15.jpg
underA15,6,raw_1783480577806_28,0.04605,0.06529,0.08357,0,4_stitch__under-xlj-all__underA15.jpg
underA15,7,raw_1783480629800_30,0.04956,0.06529,0.08357,0,4_stitch__under-xlj-all__underA15.jpg
underA15,8,raw_1783480673086_32,0.04858,0.06529,0.08357,0,4_stitch__under-xlj-all__underA15.jpg
underA15,9,raw_1783480714059_34,0.05193,0.06529,0.08357,0,4_stitch__under-xlj-all__underA15.jpg
underA15,10,raw_1783480754536_36,0.04955,0.06529,0.08357,0,4_stitch__under-xlj-all__underA15.jpg
underA15,11,raw_1783480790320_38,0.05289,0.06529,0.08357,0,4_stitch__under-xlj-all__underA15.jpg
underA15,12,raw_1783480829340_40,0.05128,0.06529,0.08357,0,4_stitch__under-xlj-all__underA15.jpg
underA15,13,raw_1783480861735_42,0.05571,0.06529,0.08357,0,4_stitch__under-xlj-all__underA15.jpg
underA15,14,raw_1783480899622_44,0.0595,0.06529,0.08357,0,4_stitch__under-xlj-all__underA15.jpg
underA15,15,raw_1783480949356_46,0.0629,0.06529,0.08357,0,4_stitch__under-xlj-all__underA15.jpg
underA15,16,raw_1783480984407_49,0.05549,0.06529,0.08357,0,4_stitch__under-xlj-all__underA15.jpg
underA15,17,raw_1783481016591_53,0.05393,0.06529,0.08357,0,4_stitch__under-xlj-all__underA15.jpg
underA15,18,raw_1783481051643_56,0.06425,0.06529,0.08357,0,4_stitch__under-xlj-all__underA15.jpg
underA15,19,raw_1783481082142_61,0.05386,0.06529,0.08357,0,4_stitch__under-xlj-all__underA15.jpg
underA15,20,raw_1783481118478_65,0.05411,0.06529,0.08357,0,4_stitch__under-xlj-all__underA15.jpg
underA15,21,raw_1783481148210_70,0.05174,0.06529,0.08357,0,4_stitch__under-xlj-all__underA15.jpg
underA15,22,raw_1783481175178_74,0.05787,0.06529,0.08357,0,4_stitch__under-xlj-all__underA15.jpg
underA15,23,raw_1783481213966_79,0.06566,0.06529,0.08357,0,4_stitch__under-xlj-all__underA15.jpg
underA15,24,raw_1783481245428_84,0.06493,0.06529,0.08357,0,4_stitch__under-xlj-all__underA15.jpg
underA15,25,raw_1783481275385_89,0.06373,0.06529,0.08357,0,4_stitch__under-xlj-all__underA15.jpg
underA15,26,raw_1783481309470_93,0.06717,0.06529,0.08357,0,4_stitch__under-xlj-all__underA15.jpg
underA15,27,raw_1783481340033_98,0.07316,0.06529,0.08357,0,4_stitch__under-xlj-all__underA15.jpg
underA15,28,raw_1783481364097_102,0.0904,0.06529,0.08357,1,4_stitch__under-xlj-all__underA15.jpg
underA15,29,raw_1783481395255_106,0.07382,0.06529,0.08357,0,4_stitch__under-xlj-all__underA15.jpg
underA15,30,raw_1783481423599_110,0.06071,0.06529,0.08357,0,4_stitch__under-xlj-all__underA15.jpg
underA15,31,raw_1783481461782_114,0.07023,0.06529,0.08357,0,4_stitch__under-xlj-all__underA15.jpg
underA15,32,raw_1783481494815_118,0.07593,0.06529,0.08357,0,4_stitch__under-xlj-all__underA15.jpg
underA15,33,raw_1783481526381_123,0.07562,0.06529,0.08357,0,4_stitch__under-xlj-all__underA15.jpg
underA15,34,raw_1783481559073_128,0.0787,0.06529,0.08357,0,4_stitch__under-xlj-all__underA15.jpg
underA15,35,raw_1783481588485_132,0.09188,0.06529,0.08357,1,4_stitch__under-xlj-all__underA15.jpg
underA15,36,raw_1783481613268_137,0.08852,0.06529,0.08357,1,4_stitch__under-xlj-all__underA15.jpg
underA15,37,raw_1783481645023_142,0.09776,0.06529,0.08357,1,4_stitch__under-xlj-all__underA15.jpg
underA15,38,raw_1783481673293_147,0.09319,0.06529,0.08357,1,4_stitch__under-xlj-all__underA15.jpg
underA15,39,raw_1783481702895_152,0.12688,0.06529,0.08357,1,4_stitch__under-xlj-all__underA15.jpg
underA15,40,raw_1783481733321_157,0.15169,0.06529,0.08357,1,4_stitch__under-xlj-all__underA15.jpg
underA15,41,raw_1783481933195_165,0.15398,0.06529,0.08357,1,4_stitch__under-xlj-all__underA15.jpg
underA15,42,raw_1783481967321_170,0.1968,0.06529,0.08357,1,4_stitch__under-xlj-all__underA15.jpg
underA15,43,raw_1783482001405_174,0.23764,0.06529,0.08357,1,4_stitch__under-xlj-all__underA15.jpg
underA15,44,raw_1783482030217_178,0.23896,0.06529,0.08357,1,4_stitch__under-xlj-all__underA15.jpg
underA15,45,raw_1783482108424_186,0.22922,0.06529,0.08357,1,4_stitch__under-xlj-all__underA15.jpg
underA15,46,raw_1783482176407_192,0.22618,0.06529,0.08357,1,4_stitch__under-xlj-all__underA15.jpg
underA15,47,raw_1783482208380_197,0.22473,0.06529,0.08357,1,4_stitch__under-xlj-all__underA15.jpg
underA15,48,raw_1783482241881_202,0.26571,0.06529,0.08357,1,4_stitch__under-xlj-all__underA15.jpg
underA15,49,raw_1783482270614_207,0.27798,0.06529,0.08357,1,4_stitch__under-xlj-all__underA15.jpg
underA15,50,raw_1783482318751_222,0.20003,0.06529,0.08357,1,4_stitch__under-xlj-all__underA15.jpg
underA16,1,raw_1783480173576_15,0.05011,0.05696,0.07291,0,3_stitch__under-xlj-all__underA16.jpg
underA16,2,raw_1783480305078_18,0.05099,0.05696,0.07291,0,3_stitch__under-xlj-all__underA16.jpg
underA16,3,raw_1783480368695_21,0.05608,0.05696,0.07291,0,3_stitch__under-xlj-all__underA16.jpg
underA16,4,raw_1783480430847_24,0.05333,0.05696,0.07291,0,3_stitch__under-xlj-all__underA16.jpg
underA16,5,raw_1783480529399_26,0.06081,0.05696,0.07291,0,3_stitch__under-xlj-all__underA16.jpg
underA16,6,raw_1783480577806_28,0.04431,0.05696,0.07291,0,3_stitch__under-xlj-all__underA16.jpg
underA16,7,raw_1783480629800_30,0.04625,0.05696,0.07291,0,3_stitch__under-xlj-all__underA16.jpg
underA16,8,raw_1783480673086_32,0.04472,0.05696,0.07291,0,3_stitch__under-xlj-all__underA16.jpg
underA16,9,raw_1783480714059_34,0.04799,0.05696,0.07291,0,3_stitch__under-xlj-all__underA16.jpg
underA16,10,raw_1783480754536_36,0.04632,0.05696,0.07291,0,3_stitch__under-xlj-all__underA16.jpg
underA16,11,raw_1783480790320_38,0.04845,0.05696,0.07291,0,3_stitch__under-xlj-all__underA16.jpg
underA16,12,raw_1783480829340_40,0.0469,0.05696,0.07291,0,3_stitch__under-xlj-all__underA16.jpg
underA16,13,raw_1783480861735_42,0.04845,0.05696,0.07291,0,3_stitch__under-xlj-all__underA16.jpg
underA16,14,raw_1783480899622_44,0.12929,0.05696,0.07291,1,3_stitch__under-xlj-all__underA16.jpg
underA16,15,raw_1783480949356_46,0.05338,0.05696,0.07291,0,3_stitch__under-xlj-all__underA16.jpg
underA16,16,raw_1783480984407_49,0.05053,0.05696,0.07291,0,3_stitch__under-xlj-all__underA16.jpg
underA16,17,raw_1783481016591_53,0.04889,0.05696,0.07291,0,3_stitch__under-xlj-all__underA16.jpg
underA16,18,raw_1783481051643_56,0.06061,0.05696,0.07291,0,3_stitch__under-xlj-all__underA16.jpg
underA16,19,raw_1783481082142_61,0.04985,0.05696,0.07291,0,3_stitch__under-xlj-all__underA16.jpg
underA16,20,raw_1783481118478_65,0.04703,0.05696,0.07291,0,3_stitch__under-xlj-all__underA16.jpg
underA16,21,raw_1783481148210_70,0.04767,0.05696,0.07291,0,3_stitch__under-xlj-all__underA16.jpg
underA16,22,raw_1783481175178_74,0.05437,0.05696,0.07291,0,3_stitch__under-xlj-all__underA16.jpg
underA16,23,raw_1783481213966_79,0.05686,0.05696,0.07291,0,3_stitch__under-xlj-all__underA16.jpg
underA16,24,raw_1783481245428_84,0.05537,0.05696,0.07291,0,3_stitch__under-xlj-all__underA16.jpg
underA16,25,raw_1783481275385_89,0.05188,0.05696,0.07291,0,3_stitch__under-xlj-all__underA16.jpg
underA16,26,raw_1783481309470_93,0.05711,0.05696,0.07291,0,3_stitch__under-xlj-all__underA16.jpg
underA16,27,raw_1783481340033_98,0.05706,0.05696,0.07291,0,3_stitch__under-xlj-all__underA16.jpg
underA16,28,raw_1783481364097_102,0.07299,0.05696,0.07291,1,3_stitch__under-xlj-all__underA16.jpg
underA16,29,raw_1783481395255_106,0.06235,0.05696,0.07291,0,3_stitch__under-xlj-all__underA16.jpg
underA16,30,raw_1783481423599_110,0.0539,0.05696,0.07291,0,3_stitch__under-xlj-all__underA16.jpg
underA16,31,raw_1783481461782_114,0.06009,0.05696,0.07291,0,3_stitch__under-xlj-all__underA16.jpg
underA16,32,raw_1783481494815_118,0.05606,0.05696,0.07291,0,3_stitch__under-xlj-all__underA16.jpg
underA16,33,raw_1783481526381_123,0.05721,0.05696,0.07291,0,3_stitch__under-xlj-all__underA16.jpg
underA16,34,raw_1783481559073_128,0.05643,0.05696,0.07291,0,3_stitch__under-xlj-all__underA16.jpg
underA16,35,raw_1783481588485_132,0.0674,0.05696,0.07291,0,3_stitch__under-xlj-all__underA16.jpg
underA16,36,raw_1783481613268_137,0.06561,0.05696,0.07291,0,3_stitch__under-xlj-all__underA16.jpg
underA16,37,raw_1783481645023_142,0.07768,0.05696,0.07291,1,3_stitch__under-xlj-all__underA16.jpg
underA16,38,raw_1783481673293_147,0.07211,0.05696,0.07291,0,3_stitch__under-xlj-all__underA16.jpg
underA16,39,raw_1783481702895_152,0.08495,0.05696,0.07291,1,3_stitch__under-xlj-all__underA16.jpg
underA16,40,raw_1783481733321_157,0.09863,0.05696,0.07291,1,3_stitch__under-xlj-all__underA16.jpg
underA16,41,raw_1783481933195_165,0.09045,0.05696,0.07291,1,3_stitch__under-xlj-all__underA16.jpg
underA16,42,raw_1783481967321_170,0.141,0.05696,0.07291,1,3_stitch__under-xlj-all__underA16.jpg
underA16,43,raw_1783482001405_174,0.18021,0.05696,0.07291,1,3_stitch__under-xlj-all__underA16.jpg
underA16,44,raw_1783482030217_178,0.1827,0.05696,0.07291,1,3_stitch__under-xlj-all__underA16.jpg
underA16,45,raw_1783482108424_186,0.15592,0.05696,0.07291,1,3_stitch__under-xlj-all__underA16.jpg
underA16,46,raw_1783482176407_192,0.17381,0.05696,0.07291,1,3_stitch__under-xlj-all__underA16.jpg
underA16,47,raw_1783482208380_197,0.22201,0.05696,0.07291,1,3_stitch__under-xlj-all__underA16.jpg
underA16,48,raw_1783482241881_202,0.30793,0.05696,0.07291,1,3_stitch__under-xlj-all__underA16.jpg
underA16,49,raw_1783482270614_207,0.31743,0.05696,0.07291,1,3_stitch__under-xlj-all__underA16.jpg
underA16,50,raw_1783482318751_222,0.29425,0.05696,0.07291,1,3_stitch__under-xlj-all__underA16.jpg
